"";"CHR";"POS";"DIST";"PEAK_CHR";"PEAK_START";"PEAK_END";"PEAK_WIDTH";"PEAK_NAME";"TREATMENT"
"rs6963745";"7";29566161;123;"7";29566285;29566648;364;"38238";"VEH"
"rs11769079";"7";65842128;2069;"7";65839852;65840058;207;"38644";"VEH"
"rs11788797";"9";130941741;2191;"9";130939346;130939549;204;"43519";"VEH"
"rs10793957";"9";136087931;2302;"9";136090234;136090443;210;"43629";"VEH"
"rs45585631";"9";130942972;3422;"9";130939346;130939549;204;"43519";"VEH"
"rs9890920";"17";7400041;4712;"17";7404754;7405095;342;"16579";"VEH"
"rs3826440";"17";7411455;6359;"17";7404754;7405095;342;"16579";"VEH"
"rs406589";"3";41125313;7482;"3";41117524;41117830;307;"27921";"VEH"
"rs10873133";"14";61632115;8414;"14";61640530;61640722;193;"12484";"VEH"
"rs384097";"3";41126731;8900;"3";41117524;41117830;307;"27921";"VEH"
"rs7116921";"11";66303854;9362;"11";66313217;66313521;305;"7344";"VEH"
"rs1595553";"5";102378868;12186;"5";102391055;102391356;302;"33563";"VEH"
"rs6883113";"5";102377889;13165;"5";102391055;102391356;302;"33563";"VEH"
"rs2295283";"1";12082926;14029;"1";12068530;12068896;367;"299";"VEH"
"rs11645488";"16";35061015;14044;"16";35075060;35075289;230;"15555";"VEH"
"rs12901022";"15";31312743;16064;"15";31328808;31329130;323;"13440";"VEH"
"rs3134943";"6";32147761;17342;"6";32130034;32130418;385;"35657";"VEH"
"rs4846085";"1";12050634;17895;"1";12068530;12068896;367;"299";"VEH"
"rs9861194";"3";40309225;18221;"3";40290785;40291003;219;"27911";"VEH"
"rs440719";"3";41136055;18224;"3";41117524;41117830;307;"27921";"VEH"
"rs12128671";"1";20945452;19440;"1";20964893;20965101;209;"480";"VEH"
"rs12127536";"1";20944230;20662;"1";20964893;20965101;209;"480";"VEH"
"rs4386712";"5";102369234;21820;"5";102391055;102391356;302;"33563";"VEH"
"rs1011454";"5";102368255;22799;"5";102391055;102391356;302;"33563";"VEH"
"rs158401";"5";102415468;24111;"5";102391055;102391356;302;"33563";"VEH"
"rs1183245";"7";65541185;24119;"7";65516767;65517065;299;"38639";"VEH"
"rs13040726";"20";25559881;24974;"20";25584856;25585730;875;"25007";"VEH"
"rs1144894";"7";65542894;25828;"7";65516767;65517065;299;"38639";"VEH"
"rs257307";"5";102417509;26152;"5";102391055;102391356;302;"33563";"VEH"
"rs17178396";"2";128928548;26350;"2";128901800;128902197;398;"22974";"VEH"
"rs26433";"5";102363858;27196;"5";102391055;102391356;302;"33563";"VEH"
"rs11958562";"5";102363061;27993;"5";102391055;102391356;302;"33563";"VEH"
"rs257312";"5";102419627;28270;"5";102391055;102391356;302;"33563";"VEH"
"rs231459";"17";41991333;28518;"17";42019852;42020336;485;"17298";"VEH"
"rs822436";"1";156892394;31037;"1";156860864;156861356;493;"2526";"VEH"
"rs822437";"1";156892949;31592;"1";156860864;156861356;493;"2526";"VEH"
"rs325874";"5";41054934;31987;"5";41022529;41022946;418;"32814";"VEH"
"rs7439210";"4";9971749;35187;"4";10006937;10007306;370;"30333";"VEH"
"rs231478";"17";41983627;36224;"17";42019852;42020336;485;"17298";"VEH"
"rs17178720";"2";128939799;37601;"2";128901800;128902197;398;"22974";"VEH"
"rs231486";"17";41981404;38447;"17";42019852;42020336;485;"17298";"VEH"
"rs2243057";"5";76127135;39842;"5";76166978;76167209;232;"33220";"VEH"
"rs1167406";"7";65556936;39870;"7";65516767;65517065;299;"38639";"VEH"
"rs12119908";"1";156902222;40865;"1";156860864;156861356;493;"2526";"VEH"
"rs10438440";"15";92862540;41997;"15";92820286;92820542;257;"14649";"VEH"
"rs2693477";"3";40248653;42131;"3";40290785;40291003;219;"27911";"VEH"
"rs2273291";"1";12025353;43176;"1";12068530;12068896;367;"299";"VEH"
"rs709609";"7";65560561;43495;"7";65516767;65517065;299;"38639";"VEH"
"rs4437116";"3";41161343;43512;"3";41117524;41117830;307;"27921";"VEH"
"rs6962717";"7";65883735;43676;"7";65839852;65840058;207;"38644";"VEH"
"rs9275503";"6";32673931;43766;"6";32717698;32717884;187;"35677";"VEH"
"rs489662";"6";10765071;44251;"6";10720597;10720819;223;"35015";"VEH"
"rs1167399";"7";65561877;44811;"7";65516767;65517065;299;"38639";"VEH"
"rs9974132";"21";34495841;44887;"21";34540729;34541025;297;"26165";"VEH"
"rs2275198";"1";156906881;45524;"1";156860864;156861356;493;"2526";"VEH"
"rs960749";"2";172379781;47597;"2";172427379;172427744;366;"23520";"VEH"
"rs57866200";"7";65565392;48326;"7";65516767;65517065;299;"38639";"VEH"
"rs3893216";"7";65790707;49144;"7";65839852;65840058;207;"38644";"VEH"
"rs6663563";"1";207003577;49428;"1";207053006;207053295;290;"3400";"VEH"
"rs4845143";"1";207003319;49686;"1";207053006;207053295;290;"3400";"VEH"
"rs3829407";"14";23282699;50071;"14";23232227;23232627;401;"11938";"VEH"
"rs2242995";"5";76115665;51312;"5";76166978;76167209;232;"33220";"VEH"
"rs2292401";"3";140953239;51684;"3";140901220;140901554;335;"29243";"VEH"
"rs9275314";"6";32665909;51788;"6";32717698;32717884;187;"35677";"VEH"
"rs35288741";"1";204928155;53125;"1";204981281;204981576;296;"3328";"VEH"
"rs2275201";"1";156915038;53681;"1";156860864;156861356;493;"2526";"VEH"
"rs797263";"1";9238553;54482;"1";9293036;9293346;311;"227";"VEH"
"rs4725940";"7";150464336;55730;"7";150520067;150520333;267;"39757";"VEH"
"rs62031935";"16";23231263;58291;"16";23172638;23172971;334;"15299";"VEH"
"rs13285411";"9";130997868;58318;"9";130939346;130939549;204;"43519";"VEH"
"rs809972";"1";9234363;58672;"1";9293036;9293346;311;"227";"VEH"
"rs6070412";"20";56865274;60017;"20";56925292;56925599;308;"25665";"VEH"
"rs13338880";"16";23234790;61818;"16";23172638;23172971;334;"15299";"VEH"
"rs1000464";"7";65777909;61942;"7";65839852;65840058;207;"38644";"VEH"
"rs7593615";"2";99030598;63073;"2";98967092;98967524;433;"22606";"VEH"
"rs2901749";"2";65292570;63595;"2";65228677;65228974;298;"22152";"VEH"
"rs26524";"5";102456304;64947;"5";102391055;102391356;302;"33563";"VEH"
"rs12981801";"19";2837468;66559;"19";2770625;2770908;284;"19478";"VEH"
"rs34785";"5";102458103;66746;"5";102391055;102391356;302;"33563";"VEH"
"rs7798630";"7";65771479;68372;"7";65839852;65840058;207;"38644";"VEH"
"rs35406858";"15";75279669;69604;"15";75349274;75349574;301;"14307";"VEH"
"rs1793917";"12";48384944;70657;"12";48314088;48314286;199;"9215";"VEH"
"rs12333375";"7";64926823;73573;"7";64853006;64853249;244;"38630";"VEH"
"rs937494";"7";65764678;75173;"7";65839852;65840058;207;"38644";"VEH"
"rs4273288";"20";24900873;76676;"20";24823930;24824196;267;"24981";"VEH"
"7-55338638";"7";55371144;78186;"7";55449331;55449765;435;"38589";"VEH"
"2-98412685";"2";99046253;78728;"2";98967092;98967524;433;"22606";"VEH"
"rs12126260";"1";111423855;79088;"1";111502944;111503315;372;"1988";"VEH"
"rs521199";"6";10802845;79889;"6";10882735;10883031;297;"35020";"VEH"
"rs9274649";"6";32636217;81480;"6";32717698;32717884;187;"35677";"VEH"
"5-102334678";"5";102306779;84275;"5";102391055;102391356;302;"33563";"VEH"
"rs28746804";"6";32632989;84708;"6";32717698;32717884;187;"35677";"VEH"
"rs28746802";"6";32632980;84717;"6";32717698;32717884;187;"35677";"VEH"
"rs4974068";"3";40376929;85925;"3";40290785;40291003;219;"27911";"VEH"
"rs16837897";"1";156947928;86571;"1";156860864;156861356;493;"2526";"VEH"
"rs9274181";"6";32630478;87219;"6";32717698;32717884;187;"35677";"VEH"
"rs12433896";"14";21182385;87340;"14";21269726;21269948;223;"11882";"VEH"
"rs17826037";"12";113183359;87904;"12";113095216;113095454;239;"10299";"VEH"
"12-111668114";"12";113183731;88276;"12";113095216;113095454;239;"10299";"VEH"
"rs12206258";"6";1709703;88977;"6";1620415;1620725;311;"34803";"VEH"
"rs9273528";"6";32628633;89064;"6";32717698;32717884;187;"35677";"VEH"
"rs227630";"20";24913584;89387;"20";24823930;24824196;267;"24981";"VEH"
"rs7532063";"1";156951371;90014;"1";156860864;156861356;493;"2526";"VEH"
"rs4851136";"2";99060873;93348;"2";98967092;98967524;433;"22606";"VEH"
"rs3754893";"2";99063149;95624;"2";98967092;98967524;433;"22606";"VEH"
"rs3769743";"2";99063653;96128;"2";98967092;98967524;433;"22606";"VEH"
"rs7809814";"7";65615397;98331;"7";65516767;65517065;299;"38639";"VEH"
"rs6123785";"20";56825422;99869;"20";56925292;56925599;308;"25665";"VEH"
"rs11612578";"12";48414798;100511;"12";48314088;48314286;199;"9215";"VEH"
"rs4850875";"2";99069815;102290;"2";98967092;98967524;433;"22606";"VEH"
"rs748365";"20";46547980;102687;"20";46445020;46445292;273;"25436";"VEH"
"rs4811972";"20";56822536;102755;"20";56925292;56925599;308;"25665";"VEH"
"rs10260426";"7";65736042;103809;"7";65839852;65840058;207;"38644";"VEH"
"rs4768230";"12";40715302;103956;"12";40819259;40819490;232;"9103";"VEH"
"rs227653";"20";24930085;105888;"20";24823930;24824196;267;"24981";"VEH"
"rs227658";"20";24932028;107831;"20";24823930;24824196;267;"24981";"VEH"
"rs2422604";"20";1501393;108460;"20";1392462;1392932;471;"24654";"VEH"
"rs6860588";"5";102280302;110752;"5";102391055;102391356;302;"33563";"VEH"
"rs2828161";"21";24819253;111344;"21";24707608;24707908;301;"26015";"VEH"
"rs1783846";"11";117928962;112664;"11";117816061;117816297;237;"8134";"VEH"
"rs56125600";"1";150012917;112754;"1";149899922;149900162;241;"2276";"VEH"
"rs7957764";"12";48429701;115414;"12";48314088;48314286;199;"9215";"VEH"
"5-102302439";"5";102274540;116514;"5";102391055;102391356;302;"33563";"VEH"
"rs3104373";"6";32600375;117322;"6";32717698;32717884;187;"35677";"VEH"
"rs612941";"11";117934115;117817;"11";117816061;117816297;237;"8134";"VEH"
"rs12417156";"11";74429987;118454;"11";74311284;74311532;249;"7562";"VEH"
"rs2277911";"7";65958625;118566;"7";65839852;65840058;207;"38644";"VEH"
"rs7194275";"16";1481020;118577;"16";1362109;1362442;334;"14835";"VEH"
"rs402773";"16";65927707;122154;"16";66049862;66050117;256;"15804";"VEH"
"rs3754888";"2";99090674;123149;"2";98967092;98967524;433;"22606";"VEH"
"rs9271687";"6";32592985;124712;"6";32717698;32717884;187;"35677";"VEH"
"rs17782771";"7";64727166;125839;"7";64853006;64853249;244;"38630";"VEH"
"rs6771365";"3";44260995;126044;"3";44387040;44387375;336;"27973";"VEH"
"rs6132775";"20";24951486;127289;"20";24823930;24824196;267;"24981";"VEH"
"rs2263658";"20";1520272;127339;"20";1392462;1392932;471;"24654";"VEH"
"rs57265446";"20";24973469;129300;"20";25102770;25103023;254;"24991";"VEH"
"rs10180924";"2";86021919;132657;"2";85889047;85889261;215;"22453";"VEH"
"rs228922";"22";37506992;136577;"22";37370112;37370414;303;"26917";"VEH"
"rs9271182";"6";32578230;139467;"6";32717698;32717884;187;"35677";"VEH"
"rs9271180";"6";32578209;139488;"6";32717698;32717884;187;"35677";"VEH"
"rs9271171";"6";32577907;139790;"6";32717698;32717884;187;"35677";"VEH"
"rs9271170";"6";32577889;139808;"6";32717698;32717884;187;"35677";"VEH"
"rs35375092";"3";50065274;139974;"3";50205249;50205861;613;"28131";"VEH"
"rs9271161";"6";32577713;139984;"6";32717698;32717884;187;"35677";"VEH"
"rs55900716";"2";99109132;141607;"2";98967092;98967524;433;"22606";"VEH"
"rs9271076";"6";32575873;141824;"6";32717698;32717884;187;"35677";"VEH"
"rs9271073";"6";32575803;141894;"6";32717698;32717884;187;"35677";"VEH"
"rs6862616";"5";102246038;145016;"5";102391055;102391356;302;"33563";"VEH"
"rs6460278";"7";65662736;145670;"7";65516767;65517065;299;"38639";"VEH"
"rs9270864";"6";32571001;146696;"6";32717698;32717884;187;"35677";"VEH"
"rs9270858";"6";32570859;146838;"6";32717698;32717884;187;"35677";"VEH"
"rs9270780";"6";32569108;148589;"6";32717698;32717884;187;"35677";"VEH"
"rs948465";"11";117966178;149880;"11";117816061;117816297;237;"8134";"VEH"
"rs9270678";"6";32566686;151011;"6";32717698;32717884;187;"35677";"VEH"
"rs2243603";"20";1546911;153978;"20";1392462;1392932;471;"24654";"VEH"
"rs3754885";"2";99121708;154183;"2";98967092;98967524;433;"22606";"VEH"
"rs34928543";"6";32560695;157002;"6";32717698;32717884;187;"35677";"VEH"
"rs3754884";"2";99125376;157851;"2";98967092;98967524;433;"22606";"VEH"
"rs103947";"15";60911884;159506;"15";60752160;60752377;218;"13965";"VEH"
"rs11901568";"2";99128621;161096;"2";98967092;98967524;433;"22606";"VEH"
"rs2278212";"2";99136266;168741;"2";98967092;98967524;433;"22606";"VEH"
"rs246913";"5";102560370;169013;"5";102391055;102391356;302;"33563";"VEH"
"rs9288853";"3";107482793;169288;"3";107652082;107652346;265;"28727";"VEH"
"rs11123840";"2";101304158;169771;"2";101473930;101474275;346;"22642";"VEH"
"rs3117128";"6";32315500;185081;"6";32130034;32130418;385;"35657";"VEH"
"rs910049";"6";32315727;185308;"6";32130034;32130418;385;"35657";"VEH"
"rs1265758";"6";32323529;193110;"6";32130034;32130418;385;"35657";"VEH"
"7-43538541";"7";43572016;194987;"7";43376714;43377028;315;"38412";"VEH"
"rs9268321";"6";32329598;199179;"6";32130034;32130418;385;"35657";"VEH"
"rs3129941";"6";32337686;207267;"6";32130034;32130418;385;"35657";"VEH"
"rs2659907";"7";66164032;212337;"7";66376370;66376586;217;"38656";"VEH"
"7-43556982";"7";43590457;213428;"7";43376714;43377028;315;"38412";"VEH"
"rs1968126";"7";66057004;216945;"7";65839852;65840058;207;"38644";"VEH"
"rs6971059";"7";66067032;226973;"7";65839852;65840058;207;"38644";"VEH"
"rs12538259";"7";43607828;230799;"7";43376714;43377028;315;"38412";"VEH"
"rs11589922";"1";150133323;233160;"1";149899922;149900162;241;"2276";"VEH"
"rs1860472";"7";66082723;242664;"7";65839852;65840058;207;"38644";"VEH"
"rs28463765";"4";56412434;243078;"4";56655513;56655922;410;"30840";"VEH"
"1-148409926";"1";150143302;243139;"1";149899922;149900162;241;"2276";"VEH"
"rs12193156";"6";13203570;251391;"6";13454962;13455177;216;"35108";"VEH"
"rs17085889";"4";56402115;253397;"4";56655513;56655922;410;"30840";"VEH"
"rs258145";"5";102137247;253807;"5";102391055;102391356;302;"33563";"VEH"
"rs258146";"5";102136767;254287;"5";102391055;102391356;302;"33563";"VEH"
"rs168926";"5";102135407;255647;"5";102391055;102391356;302;"33563";"VEH"
"rs3846973";"7";66120035;256334;"7";66376370;66376586;217;"38656";"VEH"
"rs10274883";"7";66116091;260278;"7";66376370;66376586;217;"38656";"VEH"
"rs13227883";"7";43642269;265240;"7";43376714;43377028;315;"38412";"VEH"
"rs1522110";"4";56380283;275229;"4";56655513;56655922;410;"30840";"VEH"
"rs10235858";"7";43652411;275382;"7";43376714;43377028;315;"38412";"VEH"
"rs34165610";"7";43789557;275833;"7";44065391;44065658;268;"38433";"VEH"
"1-148443906";"1";150177282;277119;"1";149899922;149900162;241;"2276";"VEH"
"rs6888677";"5";102047937;278841;"5";101768826;101769095;270;"33557";"VEH"
"rs11588837";"1";150179127;278964;"1";149899922;149900162;241;"2276";"VEH"
"3-113567114";"3";112084424;279890;"3";112364315;112364571;257;"28782";"VEH"
"rs3094742";"19";14858882;280728;"19";14577855;14578153;299;"19933";"VEH"
"rs12766521";"10";82533748;282015;"10";82815764;82815952;189;"5398";"VEH"
"rs7197";"6";32412580;282161;"6";32130034;32130418;385;"35657";"VEH"
"rs417557";"21";38013006;283848;"21";38296855;38297081;227;"26242";"VEH"
"rs1223549";"6";13171036;283925;"6";13454962;13455177;216;"35108";"VEH"
"rs4899565";"14";75911912;285596;"14";75626048;75626315;268;"12852";"VEH"
"rs4899566";"14";75912098;285782;"14";75626048;75626315;268;"12852";"VEH"
"rs10085705";"7";43776048;289342;"7";44065391;44065658;268;"38433";"VEH"
"rs34509699";"7";43773235;292155;"7";44065391;44065658;268;"38433";"VEH"
"rs17654257";"7";43768772;296618;"7";44065391;44065658;268;"38433";"VEH"
"rs382964";"5";102092070;298984;"5";102391055;102391356;302;"33563";"VEH"
"rs447531";"5";102091073;299981;"5";102391055;102391356;302;"33563";"VEH"
"rs419099";"5";102089442;301612;"5";102391055;102391356;302;"33563";"VEH"
"7-43649726";"7";43683201;306172;"7";43376714;43377028;315;"38412";"VEH"
"rs369099";"5";102081276;309778;"5";102391055;102391356;302;"33563";"VEH"
"rs7256770";"19";11689911;314125;"19";11375494;11375785;292;"19792";"VEH"
"rs10081370";"7";43699303;322274;"7";43376714;43377028;315;"38412";"VEH"
"rs10784359";"12";40445750;373508;"12";40819259;40819490;232;"9103";"VEH"
"1-148541113";"1";150274489;374326;"1";149899922;149900162;241;"2276";"VEH"
"rs17171443";"5";136822156;377410;"5";136444543;136444745;203;"34012";"VEH"
"rs4970988";"1";150950062;377436;"1";151327499;151327761;263;"2323";"VEH"
"rs1528958";"5";136825355;380609;"5";136444543;136444745;203;"34012";"VEH"
"1-148552339";"1";150285715;385552;"1";149899922;149900162;241;"2276";"VEH"
"rs59988025";"1";150940358;387140;"1";151327499;151327761;263;"2323";"VEH"
"rs11205362";"1";150298192;398029;"1";149899922;149900162;241;"2276";"VEH"
"1-148575582";"1";150308958;408795;"1";149899922;149900162;241;"2276";"VEH"
"rs11204739";"1";150865760;461738;"1";151327499;151327761;263;"2323";"VEH"
"rs7298122";"12";7870848;539602;"12";7331026;7331245;220;"8595";"VEH"
"rs4242901";"12";7871432;540186;"12";7331026;7331245;220;"8595";"VEH"
"rs4883436";"12";7872949;541703;"12";7331026;7331245;220;"8595";"VEH"
"rs624420";"11";68620223;559142;"11";69179366;69179629;264;"7451";"VEH"
"rs6657388";"1";150748786;578712;"1";151327499;151327761;263;"2323";"VEH"
"rs11204726";"1";150743492;584006;"1";151327499;151327761;263;"2323";"VEH"
"rs61973861";"13";114777732;591997;"13";114185471;114185734;264;"11834";"VEH"
"rs41291223";"13";114784464;598729;"13";114185471;114185734;264;"11834";"VEH"
"rs9525206";"13";114787091;601356;"13";114185471;114185734;264;"11834";"VEH"
"rs17391761";"3";43123896;678877;"3";42444780;42445018;239;"27948";"VEH"
"rs12485530";"3";43126575;681556;"3";42444780;42445018;239;"27948";"VEH"
"rs495617";"9";111186621;761578;"9";110424775;110425042;268;"43100";"VEH"
"rs1408069";"9";111219000;793957;"9";110424775;110425042;268;"43100";"VEH"
