PEAKSET_ID;MPIPSYKL_000637;MPIPSYKL_000708;MPIPSYKL_000972;MPIPSYKL_000988;MPIPSYKL_001048;MPIPSYKL_001109;MPIPSYKL_001113;MPIPSYKL_001263;MPIPSYKL_001386;MPIPSYKL_001389;MPIPSYKL_001547;MPIPSYKL_001667;MPIPSYKL_001701;MPIPSYKL_001766;MPIPSYKL_001786;MPIPSYKL_001886;MPIPSYKL_001946;MPIPSYKL_002088;MPIPSYKL_002095;MPIPSYKL_002319;MPIPSYKL_002383;MPIPSYKL_002418;MPIPSYKL_002468;MPIPSYKL_002533;MPIPSYKL_002604;MPIPSYKL_002613;MPIPSYKL_002658;MPIPSYKL_002802;MPIPSYKL_002852;MPIPSYKL_003013;MPIPSYKL_003155;MPIPSYKL_003162;MPIPSYKL_003231;MPIPSYKL_003331;MPIPSYKL_003353;MPIPSYKL_003472;MPIPSYKL_003520;MPIPSYKL_003785;MPIPSYKL_003787;MPIPSYKL_003911;MPIPSYKL_003934;MPIPSYKL_004054;MPIPSYKL_004100;MPIPSYKL_004171;MPIPSYKL_004198;MPIPSYKL_004215;MPIPSYKL_004246;MPIPSYKL_004251
MT:15244:15644;2991,2;3124,46;3657,51;4119,1;1020,79;2851,81;5920,3;3049,4;4791,16;3051,92;5412,72;5998,56;898,97;5917,05;4045,8;3107,59;2923,22;1789,11;4796,97;2827,19;5963,06;4256,22;5541,8;6368,43;3598,21;1471,05;4256,65;4540,96;3696,89;1556,19;3355,03;5215,04;4581,18;2104,65;1822,21;5614,19;4658,36;2051,83;4716,97;2426,76;5146,01;1976,81;4816,89;5681,24;4439,07;3089,76;2293,09;4479,01
MT:2612:3012;2781,66;2823,08;3158,1;3817,22;987,43;2574,45;5882,2;2646,09;4592,41;3051,92;5016,67;5550,57;830,94;5672,47;3592,25;2844,41;2754,96;1640,72;4808,6;2739,23;5636,04;4230,66;4938,2;5989,61;3508;1458,3;4221,85;4458,27;3491,07;1566,23;2867,76;5135,29;4782,07;2073;1719,89;5643,56;4182,27;1993,24;4357,32;2030,14;4841,44;1848,66;4472,69;5274,82;4380,92;2773,49;2168,1;4072,48
KI270729.1:10861:11261;31,43;11,44;31,75;15,68;12,01;19,91;3,46;24,59;24,84;17,64;14,14;26,58;3,53;30,04;9,86;7,78;14,26;20,34;34,87;32,67;20,02;28,76;19,9;18,63;25,06;5,74;34,8;19,46;75,2;10,05;18,62;10,4;31,51;16,76;6,51;19,58;21,97;2,93;27,67;26,89;39,55;12,38;22,95;15,05;90,46;16,22;7,65;32,09
KI270465.1:799:1199;91,67;68,67;80,83;91,48;62,72;25,6;83,14;132,8;56,78;123,49;188,6;68,34;11,09;68,65;55,87;19,45;122,63;46,67;104,62;92,98;36,71;38,34;182,41;77,63;125,29;29,32;197,17;48,64;126,66;52,75;74,49;97,09;39,39;38,16;66,97;200,68;120,85;12,89;175,21;208,39;280,84;37,86;97,52;49,46;245,54;145,97;45,91;117,68
KI270729.1:2308:2708;421,7;530,28;438,79;371,14;384,3;344,21;547,34;1037,78;663,66;463,71;499,78;539,11;136,05;476,28;147,9;186,69;687,31;329,1;616,09;452,35;323,68;450,55;454,35;617,9;1082,47;185,47;1223,64;515,63;752,04;233,62;536,93;592,93;449,06;206,65;331,14;509,05;860,62;101,95;760,8;584,84;577,49;179,84;386,27;393,51;704,31;377,1;377,51;488,55
GL000224.1:2122:2522;172,87;167,86;225,17;168,58;69,39;224,73;232,1;486,92;255,53;272,18;259,32;227,79;48,38;231,7;52,59;119,27;245,27;100,53;282,86;432,25;246,93;204,5;228,84;170,78;481,1;93,06;521,93;189,71;411,65;143,18;254,5;180,31;165,44;130,32;90,23;587,36;183,11;33,98;290,49;685,68;284,79;85,92;202,7;144,07;374,77;373,04;306,09;235,36
GL000225.1:25546:25946;68,1;91,56;75,06;47,05;66,72;79,65;83,14;127,88;53,24;85,69;84,87;98,71;19,65;34,33;59,16;32,41;57,04;43,08;127,87;158,32;73,41;89,47;92,86;68,31;175,4;29,32;139,18;55,94;142,49;81,64;83,8;52,01;31,51;44,68;53,02;117,47;54,93;18,16;110,66;87,39;114,71;53,15;103,26;45,16;161,54;129,75;135,19;85,59
KI270538.1:88611:89011;149,3;194,56;207,85;133,3;92,07;106,68;374,13;172,14;216,49;504,03;216,89;231,59;30,23;356,14;78,88;81,68;319,42;100,53;216,99;490,05;133,48;204,5;494,15;263,93;205,47;70,75;376,95;189,71;269,15;165,79;167,6;239,25;129,99;83,78;103,25;435,63;157,48;58,59;235,16;571,4;253,15;66,26;200,78;232,24;756;628,49;155,59;203,27
KI270728.1:1791655:1792055;47,15;19,07;25,98;27,44;12,01;18,49;24,25;44,27;21,29;20,16;61,29;30,37;4,54;30,04;16,43;20,74;22,82;15,56;50,37;20,1;23,36;44,74;9,95;37,26;85,19;10,2;81,19;17,03;55,41;13,82;43,45;24,27;59,09;18,62;12,09;0;25,64;8,2;59,94;26,89;27,69;14,56;5,74;27,95;71,08;28,38;25,51;49,93
KI270337.1:242:642;49,77;57,22;69,28;49,66;26,69;28,45;97;73,78;56,78;55,44;61,29;30,37;4,03;107,27;69,02;25,93;102,67;32,31;73,62;35,18;30,03;41,54;26,53;12,42;120,27;50,99;127,58;24,32;79,16;21,35;77,59;52,01;27,57;33,51;16,74;34,26;29,3;15,82;138,33;47,06;55,38;22,57;38,24;25,8;51,69;24,33;61,22;42,79
KI270517.1:2306:2706;120,49;190,75;150,11;88,86;65,38;86,76;72,75;280,35;177,45;153,73;188,6;201,22;17,13;0;75,59;64,82;99,82;81,38;127,87;153,3;110,12;159,77;278,58;114,89;205,47;40,15;220,37;85,13;304,78;80,38;80,69;114,43;59,09;79,12;80,92;234,94;43,95;24,02;230,55;342,84;166,13;53,88;110,91;107,52;206,77;202,74;186,2;160,47
KI270438.1:109404:109804;17263,59;6309,97;10360,54;4649,66;4519,51;8743,17;7926,07;13923,95;13191,66;13510,59;15681,8;9168,69;2111,87;7200;6592,92;4772,23;11387,73;4021,01;15816,84;20571,87;7341,2;13484,42;13272,45;6753,45;13540,89;4483,9;11157,75;5601,41;15468,38;6499,81;8922,95;9081,24;9843,82;5139,21;7986,46;14591,03;8606,24;2343,02;18056,37;22203,82;7036,71;6094,25;8161,37;8242,31;18460,6;16231,38;24193,49;12830,79
GL000008.2:2653:3053;361,46;286,12;357,96;245,68;278,88;281,62;516,16;737,76;390,39;433,47;353,62;254,37;70,55;369,01;266,21;193,17;333,67;193,87;554,09;434,76;333,69;466,52;401,29;310,5;806,84;105,8;707,51;372,13;712,46;195,94;412,78;488,91;330,88;227,13;222,31;479,68;399,18;97,85;783,86;665,51;458,83;118,68;292,57;301,05;872,31;316,27;471,88;449,33
KI270336.1:235:635;13,1;19,07;14,43;10,45;10,67;8,53;17,32;34,43;17,75;5,04;18,86;3,8;1,51;21,45;0;3,89;22,82;5,98;19,37;17,59;16,68;6,39;9,95;6,21;35,08;6,37;23,2;2,43;23,75;2,51;24,83;17,34;15,76;11,17;7,44;9,79;3,66;3,52;36,89;0;31,64;6,55;9,56;8,6;6,46;8,11;10,2;7,13
GL000225.1:117271:117671;28,81;45,78;37,53;24,83;21,35;11,38;41,57;63,94;7,1;37,8;0;94,91;3,53;0;32,87;9,08;22,82;7,18;50,37;75,39;0;35,15;82,91;27,95;110,25;21,67;40,59;36,48;43,54;42,7;15,52;27,74;3,94;24,2;16,74;68,53;18,31;10,55;96,83;53,78;27,69;19,66;43,98;8,6;84;44,6;104,58;17,83
KI270538.1:40080:40480;18,33;15,26;34,64;31,36;24,02;32,71;41,57;0;39,04;63;51,86;41,76;4,54;38,62;0;19,45;39,93;17,95;54,25;37,7;0;44,74;72,96;52,79;65,15;20,4;81,19;38,92;43,54;30,14;15,52;65,88;23,63;26,99;24,18;63,63;14,65;9,37;50,72;40,33;51,42;21,84;53,54;27,95;71,08;48,66;15,3;57,06
GL000225.1:85483:85883;73,34;80,11;103,92;47,05;37,36;34,14;121,25;152,47;149,06;68,04;61,29;155,66;16,63;64,36;62,45;23,34;39,93;16,75;104,62;85,44;46,72;121,42;155,87;74,52;300,69;19,76;98,59;36,48;63,33;42,7;96,21;38,14;78,78;37,23;21,39;132,16;102,54;10,55;101,44;100,83;19,78;45,14;42,07;77,41;226,15;101,37;84,17;49,93
GL000225.1:67337:67737;269,78;377,68;259,81;135,91;110,75;177,79;398,38;595,12;312,31;345,26;245,18;596,06;47,37;197,38;193,91;112,79;176,82;39,49;449,47;346,8;186,87;313,15;739,57;242,19;952,17;63,74;394,35;201,87;411,65;187,14;310,36;201,11;220,59;136,83;96,74;460,1;311,29;44,53;304,32;524,34;288,75;131,79;206,52;238,69;1014,46;458,19;387,71;231,8
KI270442.1:92000:92400;60,24;15,26;37,53;47,05;22,68;51,2;55,43;83,61;67,43;78,13;70,72;64,54;10,58;34,33;32,87;22,04;54,19;21,54;11,62;55,29;46,72;83,08;79,59;65,21;80,18;19,76;81,19;34,05;106,87;36,42;46,55;58,95;7,88;29,79;29,77;63,63;29,3;12,3;55,33;87,39;79,11;21,84;55,45;30,1;122,77;89,21;40,81;128,38
KI270744.1:108044:108444;419,08;427,28;695,71;427,33;130,77;256,02;439,95;1072,21;528,8;829,13;759,1;630,23;96,25;287,49;466,7;269,66;293,75;223,79;468,85;495,07;523,89;763,69;334,96;412,97;405,93;102,62;260,97;428,07;847,04;237,38;661,07;332,87;189,08;201,06;340,44;230,05;322,28;84,96;936,02;531,06;601,23;135,43;466,58;191,38;478,15;275,73;479,53;602,67
KI270438.1:21290:21690;104,77;122,08;60,62;65,34;58,71;29,87;86,6;206,57;138,41;120,97;136,73;170,85;12,6;124,43;59,16;24,63;111,22;63,43;69,75;165,86;96,77;0;162,51;74,52;230,53;37,6;179,78;97,29;221,66;54,01;71,38;114,43;0;53,06;71,62;200,68;3,66;19,92;207,49;141,17;162,17;45,87;84,14;81,71;213,23;202,74;122,43;139,08
GL000224.1:3696:4096;489,8;419,65;649,52;326,7;192,15;527,69;568,13;1205;720,45;562;532,79;831,45;116,91;755,19;256,35;449,87;539,01;382,95;852,45;1035,38;931;456,94;504,1;493,7;972,22;212,24;1362,82;627,51;1076,61;385,59;1120,41;703,89;311,19;406,78;312,54;1429,25;655,54;119,52;853,02;1485,63;814,82;284,69;535,42;606,4;846,46;855,56;887,65;706,09
KI270467.1:3267:3667;2805,24;2842,15;1249,96;1734,15;1849,43;1351,23;3484,98;3777,32;2494,95;2928,43;3611,62;2638,61;218,7;3827,42;3141,99;689,71;3499,31;1488,73;1914,14;4483,29;1431,53;2629,78;3336,35;1471,79;5572,71;963,07;9963,11;1264,76;3126,92;1431,84;2184,96;4438,33;2190,14;775,4;2424,03;4444,37;3867,32;444,7;1872,03;3643,5;5861,94;1435,83;3170,47;1808,45;4006,15;3677,71;3364,39;2082,6
KI270709.1:14219:14619;31,43;45,78;34,64;26,14;49,37;22,76;31,18;73,78;46,14;45,36;47,15;30,37;5,04;55,78;36,15;11,67;14,26;38,3;38,75;25,13;10,01;44,74;19,9;6,21;90,21;26,13;133,38;48,64;67,29;18,84;15,52;24,27;0;40,96;8,37;19,58;25,64;14,06;83;127,72;98,89;27,67;59,28;10,75;19,38;36,49;68,87;10,7
KI270438.1:103904:104304;7242,27;3135,91;4532,2;2271,25;2022,9;3971,2;3921,47;6856,23;5877,15;5887,1;6850,77;4028,15;962,46;3840,29;3381,91;2215,63;4899,6;1826,21;7276,83;8071,93;3537,12;6230,95;5939,77;2921,84;6038,78;1953,54;5225,12;2454,12;6443,84;2630,07;4090,59;4063,85;5203,56;2236,83;3420,24;6250,5;4409,33;977,87;7013,21;9189,41;3449,13;2647,39;3803,41;4042,67;8296,61;6864,78;9952,87;6115,84
KI270438.1:111952:112352;6037,41;2128,75;3960,62;1578,64;1489,16;2985,51;2525,4;4711,81;5046,69;5201,62;5492,87;2752,5;899,47;2578,79;2146,15;1553,15;3935,65;1139,29;6052,4;6870,69;2682,87;4789,85;5163,72;2232,52;4660,63;1507,38;3775,31;1892,27;4840,79;1998,3;3001,22;2760,09;3974,56;1515,42;2474,26;5340,09;2600,18;889,99;6031,08;6755,93;2321,84;2093,3;2300,41;2552,47;6791,07;4573,82;7338,39;3733,7
KI270538.1:83622:84022;36,67;83,93;121,24;27,44;17,35;34,14;79,68;34,43;46,14;90,73;18,86;37,97;13,1;34,33;0;19,45;94,11;10,77;38,75;120,63;0;47,93;106,13;102,47;165,38;21,67;23,2;60,81;106,87;27,63;37,24;149,1;47,27;13,03;17,67;88,1;25,64;9,96;59,94;282,34;79,11;17,47;97,52;60,21;116,31;109,48;45,91;74,89
KI270590.1:2227:2627;165,01;164,04;147,22;96,7;82,73;78,23;100,46;295,1;181;196,57;75,44;0;21,67;51,49;42,73;54,45;148,3;68,21;104,62;196,02;120,13;124,62;215,57;21,74;220,5;52,9;318,96;72,97;249,36;64,06;74,49;104,02;63,03;100,53;79,99;195,79;172,12;24,02;202,88;349,56;268,97;54,61;126,21;64,51;271,38;182,47;183,65;164,04
GL000216.2:167672:168072;73,34;137,34;54,85;47,05;38,7;45,52;124,71;147,55;92,27;100,81;61,29;136,68;17,13;64,36;62,45;47,97;54,19;11,97;120,12;110,57;76,75;79,88;189,04;121,1;220,5;29,32;92,79;60,81;83,12;56,52;133,46;79,75;98,48;49,33;32,56;137,05;150,15;12,89;83;161,34;19,78;44,41;84,14;73,11;252;81,1;99,48;92,72
KI270709.1:7308:7708;65,48;141,15;314,66;239,15;125,43;190,59;114,32;191,82;401,04;204,13;221,6;353,08;52,41;399,05;128,18;36,3;165,41;137,62;410,73;422,19;337,03;99,06;159,19;145,94;581,33;77,12;545,13;43,78;146,45;129,37;238,98;291,27;94,54;203,86;56,74;327,94;146,49;67,38;350,43;282,34;261,06;101,93;147,24;113,97;258,46;129,75;229,56;360,18
KI270711.1:8800:9200;89,06;122,08;72,17;44,43;45,37;58,32;62,36;137,71;78,08;133,57;122,59;83,52;19,65;107,27;85,45;36,3;85,56;31,11;139,49;90,47;86,76;178,94;159,19;49,68;210,48;32,51;168,18;133,77;122,7;60,29;80,69;72,82;129,99;95,88;43,72;190,89;95,22;21,09;92,22;309,23;142,4;27,67;118,56;101,07;239,08;223,01;211,71;110,55
KI270466.1:752:1152;804,12;1148,31;378,16;658,64;683,2;672,77;1628,17;1421,41;1135,68;776,21;1452,19;998,49;80,63;1536,12;1248,91;283,92;1160,73;421,25;697,46;1339,46;680,73;923,46;1018,15;583,75;1814,14;321,87;3235,98;496,17;1310,14;438,34;934,19;1487,53;909,93;281,12;826,92;1615,24;1746,88;144,13;530,26;1539,41;1799,72;492,93;1120,56;842,94;1344;1070,47;839,18;841,6
GL000225.1:110369:110769;41,91;57,22;37,53;32,67;14,68;25,6;69,28;59,02;21,29;40,32;103,73;72,13;9,57;55,78;32,87;9,08;28,52;5,98;65,87;62,83;46,72;51,13;56,38;43,47;120,27;12,11;81,19;38,92;55,41;28,89;62,07;24,27;31,51;13,96;21,39;73,42;40,28;9,96;69,16;53,78;35,6;19,66;22,95;53,76;129,23;64,88;48,46;14,26
KI270516.1:418:818;99,53;91,56;121,24;57,5;41,37;59,74;83,14;113,12;113,57;95,77;117,87;98,71;18,14;128,72;29,58;32,41;77;73;96,87;145,76;63,4;89,47;172,46;0;150,34;35,69;272,56;41,35;158,33;43,96;68,28;69,35;0;48,4;65,11;195,79;76,91;15,23;165,99;255,45;94,93;42,96;68,84;70,96;239,08;158,14;107,13;167,61
GL000225.1:133555:133955;62,86;45,78;54,85;35,28;20,02;48,36;69,28;152,47;60,33;63;89,58;60,74;12,09;51,49;36,15;24,63;57,04;16,75;54,25;50,26;73,41;60,71;69,65;37,26;115,26;15,93;98,59;34,05;83,12;15,07;68,28;65,88;86,66;28,86;26,97;93;91,56;10,55;73,77;107,56;43,51;13,83;34,42;49,46;135,69;52,71;58,67;67,76
KI270333.1:873:1273;28,81;15,26;2,89;11,76;5,34;12,8;17,32;39,35;10,65;15,12;28,29;22,78;0;34,33;26,29;2,59;28,52;19,15;38,75;22,62;6,67;9,59;6,63;12,42;70,16;17,85;46,39;7,3;19,79;7,54;18,62;13,87;15,76;7,45;10,23;19,58;10,99;3,52;32,28;13,44;23,73;8,01;11,47;19,35;12,92;20,27;12,75;14,26
GL000216.2:173735:174135;34,05;41,96;40,41;20,91;8,01;36,98;41,57;44,27;31,94;37,8;37,72;49,36;6,05;60,07;39,44;9,08;14,26;10,77;46,5;70,37;16,68;38,34;39,8;40,37;105,24;17,85;46,39;24,32;83,12;26,38;43,45;27,74;0;19,55;20,46;88,1;47,61;8,79;64,55;107,56;15,82;16,75;30,6;43,01;142,15;48,66;63,77;32,09
KI270538.1:81137:81537;185,97;297,57;306;177,73;97,41;163,57;443,42;354,12;223,59;405,75;202,74;208,81;48,38;364,72;98,6;95,94;362,19;71,8;185,99;399,58;196,88;274,8;417,87;310,5;315,72;80,31;289,96;260,25;277,07;130,62;242,08;332,87;161,5;100,53;105,11;636,31;161,14;62,69;295,1;820,12;367,85;61,16;261,97;264,49;665,54;462,25;168,35;342,34
KI270736.1:166578:166978;138,82;87,74;138,56;81,02;56,04;103,83;173,21;270,51;127,76;163,81;0;117,69;23,68;0;52,59;59,64;125,48;56,25;158,87;173,4;36,71;134,21;179,09;121,1;185,42;40,15;86,99;94,86;201,86;71,59;176,91;128,3;0;51,2;56,74;48,95;131,84;29,3;179,83;275,62;0;37,13;89,87;109,67;258,46;202,74;104,58;156,91
KI270544.1:716:1116;13,1;15,26;25,98;0;20,02;0;0;0;0;15,12;0;7,59;0;0;9,86;2,59;0;11,97;0;77,9;0;3,2;33,16;6,21;20,05;12,11;104,39;0;11,87;18,84;0;10,4;0;21,41;16,74;0;0;4,1;64,55;53,78;27,69;9,47;19,12;0;0;20,27;33,16;32,09
GL000225.1:70703:71103;62,86;26,7;49,07;50,97;24,02;46,94;27,71;108,2;60,33;85,69;47,15;22,78;12,6;55,78;59,16;31,11;45,63;31,11;73,62;87,96;73,41;108,64;96,18;93,15;70,16;31,23;139,18;63,24;91,04;41,45;102,42;86,69;74,84;30,72;38,14;107,68;84,23;14,06;119,88;134,45;106,8;16,02;55,45;68,81;51,69;52,71;84,17;82,02
KI270744.1:120520:120920;128,34;68,67;66,4;33,98;74,72;93,87;162,82;295,1;120,67;131,05;84,87;140,47;22,68;145,89;55,87;24,63;99,82;13,16;58,12;118,11;86,76;92,67;142,61;68,31;215,49;23,58;57,99;109,45;138,53;65,31;121,04;90,15;63,03;64,23;22,32;117,47;102,54;29,3;161,38;67,22;98,89;60,43;89,87;96,77;303,69;133,81;150,49;238,93
KI270736.1:180714:181114;89,06;64,85;75,06;57,5;44,03;83,92;110,85;142,63;81,63;100,81;127,3;87,32;22,17;94,4;16,43;38,89;96,97;37,1;108,49;103,04;56,73;83,08;126,03;83,84;85,19;31,87;139,18;99,72;182,07;46,47;77,59;97,09;102,42;66,09;24,18;112,58;73,24;19,33;129,11;168,06;142,4;27,67;97,52;36,56;226,15;129,75;86,72;114,11
GL000214.1:131567:131967;65,48;83,93;34,64;16,99;45,37;179,22;155,89;127,88;56,78;57,96;80,15;83,52;18,64;55,78;0;27,23;114,08;8,38;100,74;118,11;53,39;108,64;275,27;136,62;305,7;15,93;86,99;128,91;114,79;54,01;18,62;17,34;66,96;41,89;22,32;176,21;128,18;19,33;73,77;121;110,75;48,05;76,49;144,07;465,23;186,52;147,94;117,68
KI270330.1:1108:1508;102,15;72,48;132,79;81,02;21,35;88,19;131,64;103,29;152,61;83,17;122,59;189,83;20,16;201,67;39,44;85,57;96,97;58,64;236,36;138,22;176,86;51,13;145,92;80,73;110,25;38,24;260,97;143,5;189,99;40,19;251,39;135,23;47,27;59,57;60,46;342,63;164,8;23,44;124,49;208,39;126,57;34,95;93,7;98,92;187,38;133,81;109,68;160,47
KI270744.1:111013:111413;403,37;564,62;661,07;378,98;142,78;230,42;450,35;880,39;461,37;713,21;721,38;554,3;95,24;360,43;486,42;257,99;353,64;201,05;426,23;510,15;500,54;655,05;281,9;462,65;370,85;93,69;0;398,88;890,58;194,68;611,42;284,33;126,05;196,41;275,33;215,37;300,3;77,92;1148,12;732,73;644,73;109,22;390,09;251,59;568,61;263,56;359,65;645,46
KI270509.1:275:675;78,58;87,74;92,38;50,97;33,36;45,52;72,75;206,57;134,86;153,73;70,72;79,73;15,12;0;29,58;28,52;74,15;74,2;46,5;95,5;43,38;38,34;109,44;40,37;130,3;29,32;52,19;55,94;130,62;23,86;43,45;38,14;0;47,47;52,09;146,84;91,56;7,03;78,39;80,67;110,75;30,58;70,75;0;142,15;93,26;58,67;64,19
1:2653852:2654252;55;49,59;46,19;48,35;33,36;59,74;48,5;98,37;81,63;65,52;37,72;22,78;7,56;17,16;23,01;44,08;39,93;33,51;104,62;67,85;63,4;19,17;66,33;18,63;175,4;26,13;214,57;65,67;233,53;28,89;145,87;45,08;70,9;49,33;36,28;63,63;51,27;16,99;101,44;188,22;63,29;26,94;43,98;92,47;77,54;8,11;51,01;99,85
1:144104224:144104624;136,2;106,82;164,54;95,4;64,05;115,21;173,21;334,45;102,92;146,17;84,87;98,71;25,7;85,82;101,88;102,42;68,45;39,49;162,74;90,47;100,11;169,35;92,86;263,93;175,4;40,15;150,78;111,88;249,36;42,7;93,11;142,17;98,48;71,68;53,95;97,89;120,85;21,09;165,99;208,39;55,38;40,77;70,75;116,12;284,31;64,88;140,29;153,34
GL000225.1:56035:56435;26,19;34,33;17,32;36,59;25,35;22,76;41,57;83,61;53,24;63;0;121,49;6,55;12,87;16,43;9,08;42,78;4,79;65,87;72,88;43,38;31,95;63,01;31,05;160,37;30,59;40,59;34,05;75,2;27,63;34,14;17,34;11,82;21,41;7,44;14,68;43,95;4,1;50,72;87,39;35,6;23,3;3,82;15,05;64,62;20,27;12,75;35,66
GL000220.1:142711:143111;251,45;244,16;360,84;101,93;149,45;231,84;422,63;329,53;262,63;405,75;273,47;193,62;45,86;257,45;92,02;180,21;139,74;120,87;185,99;261,36;163,51;140,6;295,16;419,18;340,78;50,35;585,72;206,74;411,65;159,51;353,81;686,55;208,77;248,54;112,55;401,36;223,4;39,26;161,38;1041,96;94,93;88,83;263,89;208,58;381,23;344,66;300,98;306,68
KI270757.1:51401:51801;23,57;41,96;46,19;11,76;40,03;21,34;31,18;93,45;95,82;40,32;0;106,3;9,57;25,74;0;16,85;25,67;35,9;23,25;62,83;0;35,15;99,49;0;115,26;33,78;92,79;34,05;158,33;33,91;27,93;0;0;40,03;45,58;151,73;40,28;11,13;0;67,22;130,53;46,6;45,89;21,5;142,15;56,77;63,77;121,25
1:121396384:121396784;23,57;0;0;13,07;4;27,02;0;4,92;0;0;0;0;0,5;0;0;7,78;34,22;28,72;38,75;98,01;0;22,37;0;0;0;13,38;0;0;0;33,91;21,73;13,87;0;29,79;23,25;0;0;14,65;0;0;0;16,75;5,74;0;0;48,66;43,36;85,59
GL000220.1:138213:138613;78,58;19,07;89,49;18,3;32,02;38,4;34,64;98,37;99,37;75,6;47,15;45,56;9,07;30,04;29,58;25,93;42,78;21,54;77,5;50,26;13,35;51,13;39,8;74,52;35,08;9,56;75,39;24,32;150,41;46,47;18,62;235,79;63,03;62,37;14,88;29,37;76,91;5,86;55,33;188,22;39,55;14,56;80,31;49,46;64,62;72,99;15,3;92,72
GL000216.2:309:709;646,96;583,69;750,55;454,77;280,22;334,25;602,77;1239,43;1114,39;874,5;664,8;561,89;148,15;703,7;437,12;134,83;316,56;297,99;464,97;472,45;460,49;453,74;464,3;276,35;706,61;454,44;719,11;265,11;542,26;437,09;580,38;270,46;606,62;403,99;159,06;587,36;900,91;168,15;1157,34;2178,03;996,77;235,91;474,23;548,34;588;766,36;834,08;0
KI270538.1:53579:53979;60,24;80,11;103,92;73,18;24,02;56,89;193,99;29,51;39,04;148,69;42,43;30,37;17,13;124,43;36,15;28,52;119,78;27,52;46,5;190,99;73,41;83,08;116,08;86,94;145,33;31,87;29;87,56;91,04;32,66;83,8;86,69;23,63;30,72;22,32;244,73;36,62;12,3;64,55;262,17;98,89;18,2;61,19;111,82;180,92;166,25;63,77;92,72
KI270724.1:587:987;13,1;19,07;20,21;6,53;6,67;8,53;45,03;29,51;14,2;20,16;9,43;3,8;4,03;25,74;13,15;6,48;19,96;3,59;19,37;5,03;6,67;12,78;23,22;18,63;35,08;5,74;17,4;7,3;11,87;15,07;18,62;10,4;23,63;20,48;4,65;14,68;10,99;2,93;32,28;13,44;15,82;12,38;13,39;23,65;19,38;0;25,51;10,7
GL000216.2:5810:6210;10,48;3,81;25,98;9,15;24,02;14,22;34,64;19,67;46,14;40,32;37,72;11,39;4,54;4,29;3,29;6,48;17,11;10,77;7,75;17,59;3,34;35,15;23,22;15,53;20,05;18,48;23,2;31,62;59,37;23,86;15,52;24,27;35,45;13,03;13,02;39,16;25,64;5,86;13,83;53,78;31,64;17,47;13,39;30,1;25,85;32,44;17,85;14,26
GL000225.1:167526:167926;13,1;30,52;0;11,76;0;31,29;38,11;0;24,84;30,24;0;34,17;7,56;0;0;9,08;0;0;0;60,31;0;9,59;16,58;21,74;0;11,47;92,79;26,75;51,46;27,63;0;10,4;0;13,96;23,25;0;18,31;2,34;59,94;67,22;15,82;6,55;13,39;0;0;8,11;53,56;0
KI270589.1:14731:15131;44,53;72,48;25,98;31,36;25,35;29,87;38,11;93,45;70,98;47,88;70,72;91,12;10,58;0;0;11,67;0;63,43;0;57,8;0;67,1;96,18;24,84;55,13;22,95;110,19;38,92;106,87;30,14;40,35;41,61;51,21;30,72;35,35;0;51,27;5,86;69,16;147,89;110,75;19,66;74,58;15,05;103,38;56,77;38,26;39,23
GL000225.1:131497:131897;39,29;64,85;66,4;30,06;22,68;38,4;128,18;142,63;74,53;47,88;70,72;83,52;10,58;47,2;39,44;20,74;51,33;5,98;58,12;50,26;70,08;79,88;112,76;52,79;180,41;12,75;0;26,75;59,37;43,96;71,38;24,27;70,9;14,89;17,67;53,84;51,27;8,2;59,94;67,22;55,38;24,03;40,16;55,91;168;56,77;63,77;74,89
KI270728.1:232524:232924;44,53;30,52;37,53;36,59;24,02;28,45;45,03;142,63;67,43;22,68;51,86;53,15;7,56;64,36;29,58;29,82;0;21,54;46,5;40,21;46,72;63,91;46,43;52,79;70,16;8,29;0;58,37;87,08;17,58;68,28;24,27;27,57;25,13;22,32;0;29,3;8,79;50,72;60,5;0;14,56;34,42;43,01;77,54;0;25,51;0
KI270310.1:411:811;34,05;34,33;8,66;14,38;13,34;12,8;69,28;39,35;3,55;7,56;42,43;22,78;1,01;4,29;13,15;7,78;31,37;14,36;11,62;17,59;10,01;41,54;39,8;9,32;10,02;12,11;34,8;55,94;15,83;32,66;18,62;24,27;43,33;2,79;4,65;4,89;3,66;2,34;23,05;47,06;23,73;2,18;11,47;21,5;45,23;24,33;10,2;17,83
KI270733.1:135659:136059;83,82;0;138,56;56,19;172,13;122,32;3,46;344,29;330,06;168,85;183,88;265,76;46,86;334,68;72,31;6,48;188,23;71,8;275,11;228,69;153,5;86,27;129,34;161,46;155,35;56,09;266,77;63,24;47,5;143,18;583,48;308,6;118,17;130,32;86,51;0;157,48;13,48;0;47,06;174,04;42,96;11,47;206,43;12,92;97,32;323,94;217,53
GL000220.1:119685:120085;222,64;122,08;144,34;185,57;114,76;108,1;415,7;260,67;138,41;191,53;169,74;239,18;36,79;214,54;111,74;140,02;188,23;161,56;375,85;168,37;353,71;338,71;215,57;127,31;160,37;59,28;545,13;182,42;486,85;115,55;248,29;825,25;259,98;148,94;126,5;308,36;117,19;54,49;152,16;430,23;363,9;48,78;112,82;182,78;264,92;373,04;158,14;410,1
KI270751.1:149828:150228;199,06;0;147,22;94,09;76,06;132,28;180,14;275,43;223,59;199,09;0;140,47;21,67;0;52,59;36,3;65,59;34,71;162,74;193,51;140,15;143,79;172,46;121,1;150,34;38,24;0;111,88;225,61;99,22;192,43;173,37;0;68,88;38,14;259,42;32,96;41,6;318,15;289,06;150,31;55,34;145,33;103,22;213,23;218,96;234,67;217,53
GL000225.1:33519:33919;20,95;45,78;37,53;18,3;8,01;21,34;48,5;83,61;35,49;68,04;14,14;75,93;7,56;8,58;39,44;19,45;17,11;9,57;69,75;77,9;0;31,95;49,75;18,63;155,35;23,58;81,19;38,92;67,29;18,84;9,31;38,14;0;13,96;14,88;78,31;43,95;10,55;64,55;40,33;23,73;19,66;38,24;21,5;103,38;24,33;43,36;24,96
GL000225.1:13939:14339;62,86;61,04;54,85;33,98;18,68;29,87;58,89;108,2;78,08;47,88;0;60,74;13,61;0;26,29;2,59;34,22;28,72;42,62;60,31;0;47,93;59,7;52,79;115,26;29,32;115,98;24,32;43,54;46,47;31,04;27,74;66,96;34,44;20,46;29,37;0;5,27;41,5;168,06;55,38;17,47;26,77;25,8;58,15;56,77;91,83;60,62
GL000216.2:149331:149731;31,43;22,89;0;10,45;0;18,49;34,64;59,02;56,78;20,16;37,72;45,56;7,56;0;26,29;6,48;8,56;9,57;42,62;47,75;36,71;35,15;63,01;40,37;55,13;12,11;0;29,19;43,54;13,82;37,24;0;39,39;9,31;13,02;44,05;54,93;7,62;23,05;80,67;0;11,65;30,6;19,35;38,77;0;43,36;7,13
GL000216.2:14281:14681;13,1;0;0;9,15;0;8,53;10,39;0;10,65;10,08;9,43;18,98;3,02;0;13,15;5,19;8,56;9,57;11,62;7,54;13,35;19,17;9,95;0;10,02;5,1;11,6;0;7,92;11,3;0;0;0;5,59;3,72;29,37;10,99;2,34;23,05;47,06;27,69;4,37;24,86;10,75;0;12,16;30,61;3,57
KI270435.1:91976:92376;10,48;0;31,75;11,76;17,35;5,69;0;0;0;35,28;0;30,37;0;0;0;20,74;0;8,38;0;70,37;0;0;49,75;0;85,19;0;0;0;67,29;22,61;24,83;0;0;22,34;12,09;39,16;0;5,86;64,55;94,11;0;6,55;38,24;12,9;96,92;48,66;5,1;0
KI270733.1:158522:158922;13,1;0;0;5,23;2,67;9,96;27,71;19,67;7,1;10,08;9,43;7,59;0,5;4,29;0;5,19;5,7;2,39;7,75;0;10,01;3,2;9,95;9,32;5,01;0;0;2,43;11,87;2,51;12,41;13,87;35,45;2,79;0,93;4,89;0;1,17;4,61;20,17;3,96;0,73;9,56;8,6;6,46;0;0;17,83
KI270733.1:168670:169070;170,25;103;594,67;41,82;88,07;147,92;79,68;1155,82;663,66;483,87;301,75;299,93;62,48;248,87;197,2;162,06;353,64;157,97;0;231,2;0;357,88;175,77;434,7;180,41;66,29;243,57;148,37;878,71;521,24;502,79;287,8;212,71;385,37;151,62;259,42;845,98;44,53;0;0;0;18,2;275,36;354,81;219,69;417,64;494,84;167,61
KI270709.1:3773:4173;0;15,26;34,64;6,53;5,34;41,25;0;63,94;0;35,28;47,15;246,78;0;0;13,15;0;79,85;5,98;11,62;123,14;70,08;0;43,11;6,21;180,41;25,49;86,99;51,08;15,83;13,82;12,41;72,82;0;28,86;34,42;127,26;0;10,55;106,05;100,83;15,82;32,76;19,12;21,5;180,92;121,64;12,75;181,87
KI270733.1:164922:165322;15,72;7,63;0;10,45;9,34;51,2;31,18;44,27;60,33;35,28;9,43;53,15;0;0;29,58;15,56;0;0;131,74;0;10,01;54,32;6,63;0;15,03;0;0;9,73;95;2,51;9,31;20,8;39,39;5,59;2,79;24,47;10,99;9,37;27,67;53,78;39,55;5,1;63,1;8,6;25,85;12,16;7,65;10,7
6:28982020:28982420;39,29;34,33;37,53;9,15;30,69;29,87;0;0;0;0;0;0;0;0;0;0;0;47,87;0;10,05;26,7;0;0;0;0;79,03;0;0;0;69,08;0;0;0;77,26;27,91;0;0;13,48;0;0;0;69,9;42,07;0;0;0;12,75;10,7
GL000225.1:50613:51013;39,29;45,78;51,96;24,83;30,69;28,45;51,96;73,78;46,14;98,29;0;75,93;12,6;0;0;25,93;0;13,16;108,49;87,96;0;79,88;122,71;43,47;260,59;18,48;0;51,08;75,2;22,61;24,83;17,34;0;26,06;16,74;63,63;87,89;4,1;55,33;0;27,69;34,22;24,86;34,41;161,54;64,88;43,36;0
KI270435.1:1403:1803;2,62;19,07;0;57,5;48,04;58,32;0;34,43;0;146,17;94,3;136,68;15,12;0;23,01;27,23;99,82;44,28;23,25;143,24;10,01;19,17;72,96;0;145,33;34,42;34,8;0;217,7;48,98;0;107,49;0;64,23;49,3;225,16;0;11,72;165,99;242;142,4;48,05;63,1;49,46;0;68,93;48,46;128,38
KI270508.1:1173:1573;55;61,04;43,3;53,58;26,69;36,98;48,5;147,55;63,88;68,04;61,29;56,95;5,54;0;0;25,93;0;51,46;0;82,93;3,34;51,13;116,08;6,21;65,15;24,86;0;46,21;166,24;38,94;52,76;34,67;0;20,48;30,7;141,95;10,99;0;23,05;188,22;67,24;27,67;42,07;60,21;0;129,75;56,12;60,62
KI270729.1:27606:28006;13,1;11,44;0;22,22;8,01;18,49;24,25;14,76;17,75;7,56;9,43;0;4,54;8,58;0;5,19;14,26;7,18;19,37;20,1;0;12,78;26,53;21,74;20,05;2,55;0;7,3;27,71;8,79;9,31;0;0;8,38;13,95;0;0;4,1;13,83;6,72;23,73;3,64;11,47;10,75;25,85;20,27;0;24,96
KI270713.1:21604:22004;57,62;301,38;43,3;33,98;50,71;21,34;0;0;0;17,64;84,87;45,56;25,2;0;184,05;22,04;105,52;40,69;42,62;45,23;0;0;0;0;0;139,58;81,19;58,37;0;45,22;34,14;86,69;0;80,05;42,79;73,42;0;52,15;0;0;0;56,79;135,77;0;0;133,81;79,07;181,87
19:1383404:1383804;78,58;114,45;46,19;53,58;105,42;76,81;0;0;0;0;0;0;16,63;0;164,33;25,93;79,85;122,07;0;27,64;56,73;0;0;0;0;154,88;115,98;51,08;0;131,88;0;0;0;106,12;124,64;0;0;27,54;0;0;126,57;156,54;112,82;0;0;60,82;99,48;85,59
KI270438.1:706:1106;39,29;38,15;0;33,98;0;58,32;0;0;0;0;0;94,91;0;30,04;0;0;17,11;27,52;0;90,47;0;0;99,49;43,47;0;43,34;185,58;0;162,28;70,34;0;0;0;40,03;60,46;0;0;0;0;289,06;51,42;12,38;97,52;6,45;0;0;22,96;0
KI270743.1:151775:152175;0;0;20,21;20,91;5,34;15,65;17,32;29,51;17,75;22,68;0;11,39;3,53;17,16;0;14,26;17,11;2,39;7,75;7,54;36,71;15,98;13,27;27,95;25,06;0;0;24,32;11,87;7,54;34,14;0;0;7,45;14,88;34,26;10,99;2,34;18,44;26,89;0;6,55;17,21;19,35;25,85;28,38;28,06;28,53
KI270734.1:121348:121748;10,48;0;5,77;0;1,33;2,84;3,46;0;3,55;7,56;0;7,59;0;0;0;1,3;8,56;3,59;0;7,54;3,34;0;6,63;0;15,03;0,64;23,2;0;3,96;1,26;6,21;10,4;3,94;0,93;0,93;0;3,66;1,76;9,22;0;0;1,46;1,91;2,15;6,46;8,11;2,55;0
17:8186804:8187204;96,91;217,45;77,94;36,59;185,48;88,19;0;59,02;0;42,84;0;0;6,55;0;308,94;23,34;102,67;137,62;0;27,64;20,02;0;0;0;0;238,38;110,19;0;0;169,56;0;0;0;162,9;161,85;0;0;25,78;0;0;0;220,62;200,78;0;0;129,75;155,59;164,04
KI270733.1:138178:138578;7,86;11,44;28,87;5,23;9,34;36,98;34,64;191,82;0;35,28;0;15,19;4,03;0;16,43;18,15;54,19;33,51;0;82,93;0;38,34;82,91;43,47;50,11;7,65;23,2;0;47,5;60,29;83,8;17,34;0;26,06;24,18;14,68;21,97;1,76;0;13,44;0;8,74;15,3;10,75;0;24,33;71,42;3,57
KI270733.1:174974:175374;130,96;0;51,96;79,72;129,43;130,86;0;265,59;401,04;98,29;0;170,85;24,19;133,02;69,02;0;188,23;64,62;251,86;45,23;200,21;99,06;122,71;83,84;0;48,44;237,77;65,67;138,53;128,11;207,94;256,59;189,08;143,35;62,32;0;271,01;12,3;0;0;158,22;82,28;0;270,94;0;93,26;33,16;274,59
1:161530598:161530998;13,1;57,22;0;6,53;50,71;4,27;0;0;0;0;0;0;0;0;82,16;6,48;5,7;37,1;0;0;0;0;0;0;0;84,77;0;0;0;17,58;0;0;0;54,92;45,58;0;0;7,03;0;0;3,96;53,88;70,75;0;0;0;0;10,7
14:20632907:20633307;0;61,04;0;0;61,38;25,6;0;0;0;0;0;0;0;0;39,44;0;19,96;53,85;0;0;0;0;0;0;0;87,96;0;0;0;77,87;0;0;0;61,44;66,04;0;0;10,55;0;0;106,8;91,01;70,75;0;0;0;0;64,19
GL000216.2:159048:159448;0;11,44;5,77;10,45;9,34;12,8;24,25;19,67;0;17,64;14,14;45,56;2,02;21,45;0;0;2,85;0;11,62;20,1;0;3,2;46,43;6,21;40,09;5,74;0;0;0;3,77;15,52;0;11,82;13,96;2,79;14,68;18,31;0,59;0;0;0;13,83;11,47;6,45;32,31;32,44;22,96;3,57
17:31549918:31550318;0;41,96;43,3;22,22;89,4;34,14;0;0;0;0;0;0;7,56;0;88,74;0;51,33;93,34;58,12;15,08;0;0;39,8;0;0;118,55;0;46,21;0;108,02;0;52,01;0;102,39;100,46;0;0;29,3;0;0;94,93;107,76;15,3;0;0;60,82;86,72;124,81
KI270580.1:546:946;0;34,33;37,53;15,68;17,35;54,05;0;73,78;0;78,13;70,72;87,32;9,07;0;0;16,85;0;40,69;0;80,42;0;0;0;21,74;85,19;14,02;115,98;0;106,87;21,35;27,93;0;0;23,27;15,81;146,84;7,32;0;119,88;80,67;55,38;25,48;0;27,95;0;24,33;51,01;35,66
8:66113228:66113628;41,91;156,41;69,28;15,68;104,08;58,32;17,32;68,86;0;0;0;0;5,54;0;131,46;0;65,59;73;0;37,7;53,39;0;0;0;0;123,65;0;0;0;100,48;0;0;0;96,81;83,72;0;0;31,64;0;0;75,15;146,35;118,56;0;0;117,59;91,83;89,15
1:93847416:93847816;65,48;61,04;0;0;74,72;36,98;0;0;0;0;0;0;4,03;0;59,16;0;91,26;62,23;0;25,13;0;0;0;0;0;87,96;0;0;0;81,64;0;0;0;70,74;61,39;0;0;12,89;0;0;67,24;96,84;40,16;0;0;0;22,96;49,93
1:161523705:161524105;52,39;57,22;43,3;32,67;36,03;39,83;0;0;0;0;0;0;0;0;16,43;0;22,82;50,26;0;20,1;0;0;0;0;0;98,79;0;0;0;57,78;0;0;0;57,71;52,09;0;0;16,41;0;0;0;62,62;36,33;0;0;0;0;74,89
2:27050679:27051079;62,86;202,19;66,4;45,74;104,08;112,37;0;4,92;0;0;0;0;2,52;0;210,34;11,67;131,19;87,36;0;0;56,73;0;82,91;0;0;189,3;173,98;17,03;0;143,18;0;0;0;136,83;127,43;19,58;0;28,71;0;0;90,97;197,32;166,36;0;0;0;147,94;206,83
20:29885508:29885908;112,63;95,37;0;56,19;25,35;0;0;0;78,08;27,72;0;79,73;0;0;0;0;114,08;0;0;0;96,77;0;218,89;0;120,27;0;115,98;107,02;308,73;0;65,18;0;114,23;0;13,02;264,31;0;0;69,16;67,22;166,13;8,74;107,08;32,26;303,69;125,7;15,3;0
16:14285740:14286140;26,19;76,3;60,62;0;66,72;54,05;0;0;0;0;0;0;10,08;0;78,88;0;0;51,46;0;0;0;0;0;0;0;86,04;0;0;0;72,85;0;0;0;92,15;83,72;0;0;8,2;0;0;71,2;91,74;36,33;0;0;0;51,01;57,06
KI270518.1:1020:1420;0;0;57,73;33,98;0;7,11;0;98,37;0;45,36;33;0;8,06;0;0;0;0;34,71;0;67,85;0;22,37;23,22;12,42;0;19,76;0;0;118,74;10,05;0;0;0;10,24;33,49;0;0;0;96,83;26,89;87,02;22,57;0;0;0;77,04;0;14,26
1:2655704:2656104;18,33;0;0;1,31;0;21,34;0;73,78;21,29;0;0;0;12,09;0;0;16,85;0;0;0;0;0;0;0;0;0;7,01;0;24,32;245,4;7,54;93,11;0;0;0;0;0;0;0;0;0;0;8,01;0;53,76;0;0;0;32,09
20:29891539:29891939;18,33;0;37,53;24,83;33,36;28,45;0;34,43;120,67;75,6;80,15;0;0;0;0;16,85;14,26;9,57;0;0;0;0;39,8;0;0;22,95;104,39;0;0;12,56;24,83;0;0;19,55;25,11;0;0;16,99;73,77;33,61;43,51;5,1;0;0;0;20,27;56,12;0
1:248873868:248874268;99,53;236,53;31,75;39,2;132,1;108,1;0;0;0;12,6;0;0;15,12;0;154,47;14,26;96,97;98,13;0;62,83;53,39;0;0;0;0;217,34;23,2;77,83;0;121,83;0;138,7;0;169,41;132,08;0;0;45,7;0;0;189,86;208,24;156,8;0;0;133,81;107,13;128,38
17:8221870:8222270;34,05;148,78;0;20,91;120,09;89,61;0;0;0;0;0;0;0;0;138,04;0;0;75,39;0;0;0;0;0;0;0;126,84;0;0;0;48,98;0;0;0;135,9;63,25;0;0;17,58;0;0;0;158;89,87;0;0;4,05;68,87;46,36
1:144883093:144883493;20,95;0;0;11,76;0;28,45;58,89;24,59;0;0;56,58;18,98;6,05;0;0;6,48;25,67;34,71;0;0;0;47,93;0;65,21;0;4,46;0;0;31,67;48,98;62,07;0;0;13,03;40,93;0;0;4,1;87,61;0;0;18,2;42,07;0;0;48,66;17,85;21,4
5:140726010:140726410;0;45,78;0;0;37,36;0;0;0;0;0;0;0;0;0;16,43;0;0;19,15;0;0;0;0;0;0;0;31,23;0;0;0;40,19;0;0;0;39,1;33,49;0;0;0;0;0;35,6;55,34;28,68;0;0;0;0;0
1:146035529:146035929;0;49,59;0;0;36,03;48,36;0;0;0;0;0;0;0;0;29,58;0;17,11;31,11;0;0;33,37;0;0;0;0;77,76;0;0;0;47,73;0;0;0;52,13;36,28;0;0;11,13;0;0;63,29;70,63;63,1;0;0;0;0;0
17:82494552:82494952;0;68,67;34,64;0;41,37;36,98;0;0;0;0;0;0;0;0;29,58;0;37,07;38,3;0;0;0;0;0;0;0;72,02;0;0;0;35,17;0;0;0;67,95;53,95;0;0;18,16;0;0;43,51;77,91;55,45;0;0;0;25,51;35,66
5:140711121:140711521;62,86;49,59;0;15,68;36,03;45,52;0;0;0;0;0;0;4,54;0;36,15;0;8,56;46,67;0;0;0;0;0;0;0;61,19;0;0;0;48,98;0;0;0;68,88;36,28;0;0;16,99;0;0;59,33;64,8;36,33;0;0;0;0;0
8:123157056:123157456;0;95,37;31,75;20,91;48,04;36,98;0;0;0;0;0;0;0;0;72,31;0;51,33;37,1;0;27,64;0;0;0;0;0;80,31;0;0;0;66,57;0;0;0;53,06;56,74;0;0;15,82;0;0;63,29;96,11;45,89;0;0;68,93;35,71;21,4
11:59550602:59551002;20,95;209,82;89,49;0;118,76;56,89;0;0;0;0;0;0;0;0;154,47;0;96,97;101,72;0;90,47;0;0;0;0;0;147,87;139,18;0;0;134,39;0;0;0;132,18;97,67;48,95;0;38,08;0;0;130,53;140,52;128,12;0;0;121,64;81,62;85,59
16:87383869:87384269;36,67;0;28,87;13,07;53,37;52,63;0;29,51;24,84;0;0;0;3,53;0;26,29;0;22,82;49,07;0;0;70,08;0;0;0;0;56,09;0;0;0;52,75;0;0;0;53,06;37,21;0;0;16,41;0;0;63,29;63,35;34,42;0;0;0;51,01;42,79
1:153671104:153671504;31,43;68,67;0;0;24,02;46,94;0;0;0;0;0;0;0;0;52,59;0;11,41;35,9;0;0;0;0;0;0;0;66,92;0;0;0;57,78;0;0;0;39,1;32,56;0;0;15,82;0;0;0;66,26;32,51;0;0;0;28,06;0
17:49192305:49192705;60,24;133,52;51,96;40,51;61,38;72,54;0;0;31,94;15,12;0;0;17,13;0;55,87;0;42,78;53,85;0;20,1;33,37;0;0;0;0;105,8;0;0;0;80,38;0;0;0;100,53;69,76;0;0;24,02;0;0;102,84;96,84;51,63;0;0;72,99;28,06;57,06
2:156400763:156401163;0;194,56;63,51;32,67;84,07;85,34;0;0;0;0;0;0;7,56;0;141,32;0;59,89;96,94;0;55,29;60,06;0;0;0;0;0;0;0;0;111,78;0;79,75;0;113,56;100,46;0;0;32,22;0;0;75,15;126,69;89,87;0;0;109,48;58,67;131,95
GL000214.1:136471:136871;41,91;0;49,07;11,76;61,38;56,89;58,89;34,43;60,33;0;66,01;45,56;11,59;21,45;0;14,26;68,45;10,77;23,25;37,7;20,02;54,32;79,59;0;0;12,75;34,8;53,51;79,16;36,42;0;65,88;19,7;37,23;4,65;97,89;18,31;16,41;50,72;73,95;75,15;36,41;22,95;47,31;116,31;77,04;35,71;82,02
19:1021347:1021747;0;19,07;0;0;32,02;28,45;0;0;0;0;0;0;0;0;52,59;0;57,04;7,18;0;0;0;0;0;0;0;54,18;0;0;0;17,58;0;0;0;32,58;41,86;0;0;7,03;0;0;0;62,62;49,72;0;0;0;0;21,4
14:20625230:20625630;0;87,74;0;0;60,05;35,56;0;0;0;0;0;0;0;0;52,59;0;22,82;63,43;0;35,18;0;0;0;0;0;116,64;0;0;0;66,57;0;0;0;73,54;74,41;0;0;9,37;0;0;0;92,47;72,66;0;0;0;40,81;32,09
KI270442.1:247885:248285;31,43;0;8,66;0;0;32,71;0;113,12;17,75;88,21;0;0;11,09;30,04;0;35;0;0;0;80,42;0;3,2;0;6,21;0;0;0;0;47,5;0;0;48,54;0;40,03;35,35;0;0;11,13;13,83;100,83;0;0;34,42;55,91;0;0;30,61;85,59
10:67764328:67764728;52,39;76,3;54,85;0;73,39;72,54;0;0;35,49;0;0;0;9,57;0;75,59;10,37;19,96;52,66;0;35,18;50,05;0;0;0;0;99,43;0;0;0;99,22;0;0;0;82,85;92,09;0;0;25,19;0;0;90,97;96,11;87,96;0;0;68,93;22,96;74,89
13:44917772:44918172;47,15;53,41;0;9,15;49,37;48,36;0;0;0;0;0;0;9,57;0;82,16;7,78;25,67;47,87;38,75;0;53,39;0;0;0;0;77,76;29;41,35;0;70,34;0;0;0;51,2;34,42;0;0;30,47;0;0;63,29;80,82;38,24;0;0;20,27;0;39,23
KI270538.1:72397:72797;0;15,26;23,09;0;2,67;11,38;10,39;0;0;42,84;0;0;4,03;0;0;0;28,52;7,18;0;60,31;0;0;36,48;15,53;0;2,55;0;19,46;15,83;10,05;0;13,87;0;0;7,44;0;0;0;27,67;0;0;2,91;0;12,9;51,69;40,55;0;10,7
KI270507.1:569:969;31,43;0;69,28;22,22;0;38,4;24,25;73,78;0;12,6;0;0;0;0;0;0;0;22,74;0;95,5;0;63,91;0;0;40,09;21,67;0;0;0;28,89;0;0;0;15,82;23,25;53,84;0;7,62;0;0;59,33;6,55;19,12;15,05;0;0;58,67;0
GL000224.1:162039:162439;36,67;0;132,79;56,19;34,69;59,74;0;177,06;0;110,89;0;64,54;0;0;29,58;18,15;0;34,71;65,87;95,5;46,72;6,39;29,85;0;130,3;22,31;278,36;53,51;51,46;74,1;0;65,88;39,39;53,06;47,44;122,37;0;19,33;83;0;0;13,83;53,54;0;213,23;145,97;53,56;21,4
KI270757.1:59854:60254;0;34,33;0;32,67;12,01;0;0;49,18;0;32,76;0;0;0;0;0;0;0;10,77;0;0;0;0;0;0;0;15,93;0;0;0;6,28;31,04;0;0;20,48;0;107,68;43,95;11,13;0;0;0;26,21;11,47;47,31;0;0;0;0
KI270757.1:15285:15685;41,91;0;43,3;0;2,67;7,11;0;49,18;49,69;57,96;0;0;3,02;0;0;0;0;19,15;0;75,39;0;0;43,11;52,79;50,11;0;0;0;23,75;10,05;49,66;0;0;22,34;24,18;0;0;5,27;41,5;127,72;0;10,19;26,77;0;0;0;0;0
14:20681529:20681929;31,43;45,78;43,3;0;61,38;34,14;0;0;0;0;0;0;0;0;0;0;0;44,28;0;0;0;0;0;0;0;50,35;0;0;0;27,63;0;0;0;47,47;47,44;0;0;8,79;0;0;0;53,15;21,03;0;0;0;0;0
17:75034542:75034942;0;0;0;0;57,38;24,18;0;0;0;0;0;0;0;0;88,74;0;0;64,62;0;0;0;0;0;0;0;77,76;0;0;0;81,64;0;0;0;81,91;82,79;0;0;26,37;0;0;15,82;82,28;45,89;0;0;97,32;17,85;46,36
KI270712.1:29741:30141;23,57;0;46,19;24,83;32,02;29,87;38,11;83,61;0;50,4;37,72;56,95;14,11;0;0;18,15;0;21,54;54,25;30,16;33,37;19,17;0;18,63;0;9,56;0;29,19;0;43,96;43,45;38,14;0;17,69;15,81;0;0;6,44;0;0;0;13,83;21,03;19,35;0;48,66;20,41;32,09
1:161399545:161399945;26,19;91,56;63,51;9,15;41,37;56,89;0;0;0;0;0;0;0;0;55,87;15,56;25,67;49,07;0;47,75;0;0;0;0;0;80,31;0;0;0;56,52;0;0;0;51,2;46,51;0;0;14,06;0;0;71,2;94,65;82,23;0;0;0;0;92,72
2:42810376:42810776;0;87,74;43,3;20,91;78,73;45,52;0;0;0;0;0;0;11,59;0;55,87;0;37,07;56,25;0;0;13,35;0;0;0;0;87,96;0;0;0;71,59;0;38,14;0;77,26;58,6;0;0;10,55;0;0;55,38;93,2;24,86;0;0;0;33,16;106,98
14:20683284:20683684;0;137,34;0;0;68,05;31,29;0;0;0;0;0;0;0;0;121,6;0;0;34,71;0;0;0;0;0;0;0;101,34;0;0;0;80,38;0;0;0;67,02;65,11;0;0;0;0;0;0;88,83;87,96;0;0;44,6;28,06;0
GL000194.1:190104:190504;0;0;34,64;27,44;33,36;46,94;0;0;0;90,73;0;0;7,05;0;0;24,63;0;33,51;0;108,06;73,41;12,78;66,33;83,84;15,03;7,65;0;60,81;83,12;30,14;12,41;31,21;0;26,99;39,07;48,95;0;1,17;0;6,72;0;9,47;34,42;36,56;0;113,53;81,62;32,09
KI270733.1:129889:130289;28,81;0;8,66;6,53;25,35;27,02;38,11;14,76;21,29;12,6;14,14;7,59;5,54;30,04;0;5,19;0;17,95;15,5;17,59;50,05;25,56;16,58;12,42;0;5,74;0;4,86;0;2,51;49,66;0;39,39;9,31;1,86;0;7,32;1,76;0;0;39,55;4,37;0;25,8;0;0;15,3;32,09
GL000225.1:92720:93120;15,72;3,81;0;10,45;10,67;8,53;10,39;9,84;21,29;12,6;9,43;18,98;1,51;0;0;12,96;0;3,59;19,37;65,34;23,36;15,98;13,27;9,32;20,05;7,01;0;2,43;27,71;3,77;37,24;0;0;12,1;0;53,84;43,95;2,34;4,61;40,33;0;5,82;15,3;43,01;6,46;16,22;10,2;7,13
6:28729121:28729521;0;0;0;0;33,36;12,8;0;0;0;0;0;0;0;0;0;0;0;22,74;0;0;0;0;0;0;0;38,24;0;0;0;16,33;0;0;0;48,4;24,18;0;0;0;0;0;0;34,22;13,39;0;0;0;0;0
2:112275285:112275685;0;41,96;0;0;17,35;0;0;0;0;0;0;0;8,57;0;46,01;0;34,22;19,15;0;0;0;0;0;0;0;23,58;0;0;0;22,61;0;0;0;0;20,46;0;0;10,55;0;0;0;29,85;0;0;0;0;0;46,36
17:19507996:19508396;31,43;45,78;0;0;46,7;36,98;0;0;0;0;0;0;0;0;39,44;5,19;0;56,25;0;0;20,02;0;0;0;0;64,37;0;0;0;72,85;0;0;0;70,74;53,95;0;0;18,16;0;0;0;88,83;65,02;0;0;72,99;61,22;64,19
15:65868927:65869327;0;45,78;28,87;11,76;30,69;44,09;0;0;0;0;0;0;8,06;0;0;0;0;50,26;0;20,1;56,73;0;0;0;0;70,75;0;0;0;42,7;0;0;0;53,06;48,37;0;0;11,13;0;0;59,33;74,27;65,02;0;0;40,55;43,36;28,53
14:49586445:49586845;44,53;202,19;40,41;16,99;84,07;27,02;0;0;78,08;0;0;15,19;3,53;0;141,32;37,6;48,48;47,87;0;0;70,08;0;0;0;0;123,01;57,99;0;0;85,41;0;0;0;106,12;69,76;0;0;36,33;0;0;63,29;131,06;59,28;0;0;20,27;61,22;24,96
GL000225.1:10739:11139;26,19;0;0;23,52;0;1,42;17,32;34,43;0;15,12;28,29;0;3,53;12,87;0;0;34,22;0;0;32,67;26,7;0;19,9;0;0;5,1;0;31,62;11,87;13,82;12,41;0;23,63;9,31;13,02;0;21,97;4,69;0;0;35,6;8,01;7,65;0;51,69;0;22,96;0
GL000225.1:99187:99587;7,86;0;23,09;7,84;0;15,65;13,86;14,76;35,49;27,72;0;0;1,01;21,45;0;9,08;19,96;5,98;0;22,62;30,03;25,56;9,95;21,74;30,07;4,46;0;14,59;31,67;10,05;21,73;0;23,63;5,59;6,51;0;40,28;1,76;0;33,61;0;0;11,47;17,2;0;0;12,75;21,4
14:20630937:20631337;0;0;0;0;0;18,49;0;0;0;0;0;0;0;0;0;0;0;15,56;0;15,08;0;0;0;0;0;66,92;0;0;0;33,91;0;0;0;55,85;29,77;0;0;7,03;0;0;0;63,35;0;0;0;32,44;0;0
11:62841423:62841823;18,33;350,98;0;0;96,07;0;0;0;0;0;0;26,58;9,57;0;279,36;0;228,15;58,64;0;52,77;0;0;0;0;0;149,78;197,17;0;0;52,75;0;0;0;72,61;69,76;0;0;31,05;0;0;0;160,91;74,58;0;0;0;20,41;210,4
1:145281047:145281447;0;206,01;0;0;30,69;22,76;0;0;0;0;0;0;7,56;0;98,6;1,3;88,41;35,9;0;25,13;40,04;0;0;0;0;78,4;0;0;0;21,35;0;0;0;40,03;58,6;0;0;31,64;0;0;0;85,92;68,84;0;0;40,55;28,06;139,08
14:20613375:20613775;0;129,71;66,4;9,15;78,73;73,96;0;0;0;0;0;0;8,06;0;98,6;0;59,89;70,61;0;35,18;0;0;0;0;0;117,28;0;0;0;130,62;0;0;0;102,39;81,86;0;0;26,37;0;0;43,51;113,58;87,96;0;0;0;66,32;121,25
1:146037601:146038001;0;57,22;0;0;18,68;19,91;0;0;0;0;0;0;1,01;0;85,45;0;19,96;22,74;0;0;0;0;0;0;0;89,23;0;0;0;31,4;0;0;0;29,79;30,7;0;0;0;0;0;19,78;51,7;21,03;0;0;0;17,85;0
1:204506568:204506968;0;171,67;51,96;0;96,07;9,96;0;0;0;0;0;0;0;0;128,18;0;39,93;86,16;0;0;0;0;0;0;0;142,13;63,79;0;0;79,13;0;0;0;112,63;77,2;0;0;24,02;0;0;59,33;143,44;118,56;0;0;81,1;86,72;71,32
1:146376819:146377219;0;144,97;0;0;41,37;11,38;0;0;0;0;0;0;10,08;0;105,17;0;102,67;23,93;0;0;0;0;0;0;0;84,13;57,99;0;0;48,98;0;0;0;42,82;37,21;0;0;16,41;0;0;51,42;78,64;13,39;0;0;0;0;82,02
6:125780097:125780497;0;49,59;0;0;30,69;42,67;0;0;0;0;0;0;0;0;0;0;0;22,74;0;0;0;0;0;0;0;56,09;0;0;0;36,42;0;0;0;47,47;23,25;0;0;11,72;0;0;0;56,06;34,42;0;0;32,44;0;0
1:44730739:44731139;0;190,75;0;0;37,36;14,22;0;0;0;0;0;0;11,59;0;82,16;5,19;142,6;39,49;0;0;0;0;0;0;0;78,4;86,99;0;0;0;0;0;0;53,99;45,58;0;0;28,71;0;0;0;70,63;21,03;0;0;0;12,75;121,25
6:26556410:26556810;0;45,78;0;0;22,68;0;0;0;0;0;0;0;0;0;16,43;0;0;31,11;0;22,62;0;0;0;0;0;40,15;0;0;0;28,89;0;0;0;65,16;35,35;0;0;0;0;0;0;0;21,03;0;0;0;0;0
KI270733.1:161642:162042;52,39;0;127,02;22,22;0;0;0;0;0;27,72;47,15;0;0;47,2;0;0;65,59;20,34;3,87;40,21;0;51,13;0;0;0;14,66;86,99;38,92;91,04;16,33;0;62,41;47,27;33,51;0;0;0;0;32,28;0;0;10,19;38,24;32,26;0;0;0;71,32
15:45200347:45200747;0;122,08;40,41;0;100,08;58,32;0;0;0;0;0;0;0;0;69,02;0;0;56,25;0;0;0;0;0;0;0;128,75;0;0;0;74,1;0;0;0;91,22;73,48;0;0;22,26;0;0;47,47;127,42;82,23;0;0;0;25,51;32,09
KI270519.1:44062:44462;0;0;0;0;0;11,38;0;0;0;0;0;0;3,53;0;0;2,59;0;0;0;50,26;0;0;6,63;0;0;1,91;0;21,89;7,92;5,02;0;0;0;21,41;0;0;0;6,44;13,83;0;0;0;0;0;0;0;51,01;0
14:20609952:20610352;39,29;0;0;0;57,38;27,02;0;0;0;0;0;0;0;0;42,73;0;22,82;52,66;0;0;0;0;0;0;0;83,5;0;0;0;47,73;0;0;0;55,85;44,65;0;0;12,3;0;0;0;85,19;21,03;0;0;0;33,16;106,98
1:146039227:146039627;0;0;0;0;32,02;36,98;0;0;0;0;0;0;0;0;9,86;0;0;28,72;0;17,59;0;0;0;0;0;63,1;0;0;0;50,24;0;0;0;57,71;38,14;0;0;0;0;0;0;67,71;0;0;0;0;30,61;0
2:70248762:70249162;18,33;0;34,64;0;26,69;24,18;0;0;0;0;0;0;8,06;0;32,87;16,85;17,11;45,48;0;25,13;0;0;0;0;0;68,2;0;0;0;61,54;0;0;0;63,3;30,7;0;0;19,33;0;0;0;65,53;40,16;0;0;36,49;0;0
6:28953098:28953498;0;19,07;0;0;29,36;25,6;0;0;0;0;0;0;0;0;0;0;0;39,49;0;0;0;0;0;0;0;52,9;0;0;0;7,54;0;0;0;56,78;11,16;0;0;11,13;0;0;0;39,32;21,03;0;0;0;0;42,79
17:75588250:75588650;0;0;0;0;0;0;0;0;0;0;0;0;0;0;0;0;0;0;0;55,29;0;0;0;24,84;0;5,1;0;14,59;0;47,73;0;0;0;13,03;26,04;0;0;0;0;0;0;10,92;0;17,2;0;0;10,2;0
6:27478776:27479176;0;167,86;0;0;60,05;44,09;0;0;0;0;0;0;6,05;0;0;0;37,07;64,62;0;17,59;33,37;0;0;0;0;84,77;0;0;0;56,52;0;0;0;0;56,74;0;0;16,41;0;0;94,93;0;72,66;0;0;52,71;0;0
17:8119945:8120345;0;152,6;0;0;101,41;41,25;0;0;0;0;0;0;0;0;161,04;0;57,04;90,95;0;0;0;0;0;0;0;135,76;75,39;0;0;75,36;0;0;0;96,81;103,25;0;0;11,72;0;0;0;154,36;143,42;0;0;0;33,16;0
KI270712.1:5890:6290;0;0;0;5,23;0;2,84;24,25;0;0;30,24;0;22,78;5,04;0;0;0;0;0;0;35,18;0;0;0;0;0;0;0;0;0;2,51;18,62;0;0;8,38;0;0;0;5,86;0;0;31,64;0;0;4,3;0;0;0;3,57
GL000214.1:125281:125681;0;22,89;31,75;1,31;32,02;1,42;62,36;88,53;113,57;0;42,43;79,73;16,13;0;0;0;65,59;8,38;38,75;50,26;36,71;70,3;99,49;31,05;50,11;17,21;57,99;121,61;0;52,75;21,73;110,96;51,21;77,26;0;78,31;51,27;14,65;41,5;134,45;0;58,25;51,63;51,61;161,54;77,04;48,46;0
1:148522554:148522954;0;137,34;0;0;65,38;44,09;0;0;0;0;0;0;5,54;0;157,76;0;74,15;37,1;0;40,21;0;0;0;0;0;103,25;57,99;0;0;30,14;0;0;0;60,51;45,58;0;0;19,92;0;0;0;80,09;34,42;0;0;89,21;0;92,72
17:39154237:39154637;62,86;34,33;25,98;28,75;81,4;68,27;0;0;0;0;0;0;4,54;0;55,87;0;22,82;68,21;0;22,62;0;0;0;0;0;97,52;0;0;0;69,08;0;0;0;112,63;85,58;0;0;9,37;0;0;0;117,95;120,47;0;0;44,6;0;78,45
2:231786235:231786635;0;15,26;0;0;16,01;0;0;0;0;0;0;0;12,6;0;26,29;19,45;14,26;16,75;0;0;0;0;0;0;0;22,95;0;31,62;0;30,14;0;0;0;15,82;14,88;0;0;0;0;0;0;20,39;0;0;0;24,33;33,16;0
1:11908251:11908651;0;209,82;0;0;69,39;0;0;0;0;0;0;64,54;6,05;0;207,06;0;145,45;25,13;0;35,18;0;0;0;0;0;103,25;46,39;0;0;0;0;0;0;35,37;66,04;0;0;0;0;0;0;141,25;49,72;0;0;0;0;74,89
GL000195.1:48216:48616;0;0;0;0;0;0;0;0;0;0;0;0;6,05;0;0;0;0;5,98;0;0;36,71;19,17;0;12,42;0;11,47;0;0;0;0;0;0;0;6,52;10,23;0;0;0;0;0;0;16,75;0;0;0;44,6;0;0
KI270733.1:166463:166863;20,95;0;109,7;0;0;0;0;34,43;0;0;0;0;4,54;30,04;0;0;25,67;4,79;0;17,59;6,67;0;33,16;40,37;0;1,91;0;2,43;7,92;7,54;21,73;0;0;14,89;5,58;0;0;15,23;0;0;0;1,46;13,39;4,3;12,92;0;0;0
17:8173240:8173640;0;190,75;0;0;46,7;21,34;0;0;0;0;0;0;0;0;128,18;0;82,71;0;0;0;0;0;0;0;0;50,99;0;0;0;0;0;0;0;21,41;31,63;0;0;4,1;0;0;0;78,64;17,21;0;0;0;0;121,25
KI270757.1:33139:33539;0;0;0;0;41,37;0;0;0;0;37,8;0;0;0;0;0;0;0;11,97;0;45,23;0;31,95;0;31,05;0;27,41;40,59;0;23,75;26,38;0;20,8;0;8,38;18,6;48,95;0;0,59;0;0;0;28,4;21,03;27,95;0;97,32;0;0
GL000225.1:45935:46335;15,72;0;28,87;28,75;4;24,18;34,64;54,1;42,59;35,28;51,86;0;11,09;12,87;0;9,08;0;19,15;0;42,72;23,36;25,56;0;34,16;0;15,93;69,59;24,32;59,37;31,4;37,24;0;31,51;27,93;9,3;53,84;36,62;6,44;55,33;134,45;51,42;16,02;22,95;30,1;0;52,71;61,22;0
17:68019747:68020147;0;0;0;0;49,37;45,52;0;0;0;0;0;0;6,05;0;55,87;0;0;23,93;0;0;33,37;0;0;0;0;63,1;0;0;0;37,68;0;0;0;55,85;40,93;0;0;14,65;0;0;0;56,06;15,3;0;0;0;45,91;28,53
6:26056006:26056406;0;144,97;0;0;33,36;0;0;0;0;0;0;0;1,01;0;0;0;99,82;16,75;0;0;0;0;0;0;0;47,8;23,2;0;0;31,4;0;0;0;29,79;19,53;0;0;4,1;0;0;0;0;34,42;0;0;0;0;67,76
6:144216361:144216761;68,1;103;0;23,52;73,39;71,12;0;0;0;17,64;0;0;15,12;0;59,16;23,34;11,41;59,84;0;0;23,36;0;0;0;0;77,12;23,2;21,89;0;76,62;0;0;0;69,81;61,39;0;0;29,88;0;0;55,38;108,49;53,54;0;0;0;38,26;60,62
16:22296997:22297397;47,15;91,56;0;27,44;76,06;49,78;0;0;0;40,32;0;0;12,09;0;72,31;0;68,45;50,26;0;0;26,7;0;0;0;0;100,7;29;24,32;0;99,22;0;0;0;105,19;79,99;0;0;27,54;0;0;51,42;104,12;63,1;0;0;52,71;48,46;67,76
1:16727442:16727842;91,67;0;31,75;77,1;54,71;100,99;0;181,98;0;5,04;0;0;21,16;38,62;69,02;3,89;122,63;62,23;0;40,21;70,08;41,54;26,53;0;110,25;65,01;0;0;0;99,22;27,93;27,74;0;42,82;88,37;0;0;17,58;0;0;0;61,16;196,96;0;0;56,77;204,06;189
8:95269477:95269877;0;80,11;51,96;22,22;64,05;49,78;0;0;0;0;0;45,56;0;0;65,73;0;31,37;61,03;38,75;0;0;0;0;0;0;68,84;0;0;0;56,52;0;0;0;55,85;53,02;0;0;12,89;0;0;79,11;74,27;78,4;0;0;0;68,87;0
GL000214.1:120797:121197;83,82;0;0;7,84;76,06;35,56;24,25;68,86;60,33;5,04;33;49,36;21,67;51,49;0;0;34,22;4,79;34,87;50,26;20,02;99,06;92,86;0;80,18;12,75;0;46,21;47,5;21,35;0;41,61;31,51;51,2;9,3;137,05;21,97;8,79;69,16;121;23,73;23,3;19,12;30,1;109,85;93,26;25,51;96,28
11:59560369:59560769;36,67;19,07;0;0;24,02;27,02;0;0;0;0;0;0;7,05;0;49,3;0;22,82;27,52;0;0;0;0;0;0;0;59,28;0;0;0;52,75;0;0;0;46,54;45,58;0;0;0;0;0;0;64,8;22,95;0;0;0;25,51;82,02
GL000225.1:81059:81459;0;19,07;20,21;0;20,02;25,6;41,57;49,18;0;27,72;0;22,78;0;0;0;0;2,85;0;31;45,23;0;0;29,85;0;75,17;9,56;0;0;51,46;15,07;24,83;0;0;18,62;8,37;24,47;0;5,27;0;0;0;21,84;30,6;25,8;0;0;53,56;0
KI270591.1:5033:5433;65,48;0;25,98;33,98;41,37;31,29;0;0;0;88,21;0;0;11,59;0;39,44;0;17,11;21,54;0;120,63;23,36;108,64;99,49;65,21;115,26;18,48;98,59;29,19;162,28;45,22;83,8;0;114,23;31,65;40;83,21;32,96;14,65;0;0;39,55;23,3;59,28;23,65;0;81,1;56,12;0
17:8226367:8226767;0;110,63;0;0;97,41;0;0;0;0;0;0;0;0;0;151,18;0;8,56;56,25;0;0;0;0;0;0;0;103,25;11,6;0;0;32,66;0;0;0;85,64;71,62;0;0;0;0;0;0;128,87;55,45;0;0;0;0;14,26
KI270757.1:22495:22895;0;19,07;20,21;7,84;29,36;5,69;41,57;0;39,04;0;0;0;1,01;0;0;16,85;19,96;0;15,5;92,98;0;35,15;76,28;68,31;95,22;19,12;0;0;114,79;18,84;40,35;62,41;15,76;32,58;29,77;34,26;0;3,52;0;0;79,11;5,1;24,86;0;0;0;28,06;17,83
1:167714629:167715029;0;99,19;0;0;66,72;49,78;0;0;0;22,68;0;0;6,05;0;62,45;0;111,22;46,67;0;0;70,08;0;0;0;0;100,07;0;0;0;57,78;0;0;0;72,61;67,9;0;0;20,51;0;0;23,73;103,39;42,07;0;0;0;33,16;49,93
11:65507092:65507492;0;282,31;0;0;56,04;0;0;0;0;0;0;0;6,05;0;213,63;0;156,86;21,54;0;0;0;0;0;0;0;61,82;179,78;0;0;0;0;0;0;0;20,46;0;0;0;0;0;0;72,81;0;0;0;0;53,56;0
4:184474540:184474940;28,81;0;40,41;10,45;0;2,84;0;0;0;0;0;0;26,2;0;19,72;47,97;0;32,31;0;0;0;25,56;0;0;0;3,82;0;36,48;0;20,1;0;0;39,39;13,03;5,58;0;0;28,12;0;0;0;11,65;0;0;0;0;0;0
KI270736.1:172875:173275;0;0;54,85;0;37,36;68,27;0;78,69;46,14;0;0;0;12,09;0;0;3,89;34,22;0;0;30,16;0;63,91;0;24,84;0;5,1;0;0;0;21,35;0;0;0;47,47;13,02;63,63;0;5,27;0;33,61;0;20,39;22,95;23,65;122,77;56,77;43,36;0
6:52995576:52995976;0;137,34;49,07;7,84;77,39;42,67;0;0;49,69;0;0;0;0;0;121,6;0;25,67;87,36;0;0;46,72;0;0;0;0;140,22;0;0;0;57,78;0;0;0;80,98;73,48;0;0;11,72;0;0;0;117,23;66,93;0;0;0;53,56;0
21:10627334:10627734;36,67;0;0;7,84;0;0;0;39,35;0;85,69;0;0;4,03;0;0;23,34;0;0;0;37,7;0;0;0;18,63;0;9,56;0;0;55,41;30,14;77,59;0;0;26,99;6,51;0;0;8,79;0;121;0;10,19;15,3;0;0;0;56,12;0
13:30673832:30674232;0;0;0;9,15;37,36;45,52;0;0;0;0;0;0;15,12;0;46,01;0;0;49,07;0;0;0;0;0;0;0;58,64;0;0;0;60,29;0;0;0;30,72;48,37;0;0;0;0;0;0;69,9;11,47;0;0;0;22,96;0
GL000194.1:2548:2948;28,81;0;0;0;8,01;17,07;6,93;29,51;0;27,72;0;0;7,56;0;0;22,04;0;13,16;0;0;6,67;22,37;0;12,42;25,06;0;0;4,86;0;1,26;15,52;0;0;25,13;14,88;0;0;4,1;0;0;0;0;1,91;0;19,38;28,38;30,61;0
GL000216.2:166598:166998;20,95;0;17,32;6,53;0;28,45;31,18;29,51;35,49;22,68;0;0;6,05;0;0;7,78;11,41;7,18;11,62;35,18;16,68;0;29,85;21,74;30,07;5,1;0;14,59;51,46;8,79;27,93;34,67;27,57;12,1;8,37;14,68;18,31;2,93;27,67;80,67;35,6;0;19,12;10,75;32,31;0;0;0
16:57300187:57300587;15,72;171,67;14,43;0;94,74;83,92;0;0;0;0;0;0;0;0;180,76;0;128,34;87,36;0;0;0;0;0;0;0;170,82;139,18;0;0;116,81;0;0;0;107,05;115,34;0;0;26,37;0;0;0;157,27;107,08;0;0;125,7;30,61;128,38
1:16896020:16896420;0;125,89;0;0;80,06;8,53;0;0;0;0;0;0;12,09;0;95,31;5,19;68,45;10,77;0;22,62;0;0;0;0;0;39,52;46,39;0;0;13,82;0;0;0;48,4;34,42;0;0;12,89;0;0;0;55,34;22,95;0;0;40,55;0;46,36
KI270303.1:961:1361;13,1;0;0;1,31;2,67;2,84;10,39;4,92;0;0;0;3,8;0;0;6,57;1,3;8,56;7,18;15,5;10,05;0;6,39;3,32;0;0;1,27;0;14,59;15,83;0;0;0;11,82;1,86;0,93;14,68;0;0,59;13,83;13,44;3,96;1,46;1,91;4,3;0;28,38;0;3,57
17:8139067:8139467;0;64,85;72,17;7,84;84,07;31,29;0;0;0;0;0;0;7,05;0;111,74;0;34,22;57,44;0;0;0;0;0;0;0;95,61;0;0;0;79,13;0;0;0;81,91;49,3;0;0;21,09;0;0;0;81,55;68,84;0;0;0;66,32;0
KI270733.1:119117:119517;0;7,63;0;14,38;0;8,53;0;0;0;10,08;0;0;0;12,87;0;0;0;1,2;0;0;0;0;0;27,95;0;4,46;0;0;0;0;0;0;0;8,38;0;0;10,99;0,59;64,55;127,72;0;0;9,56;17,2;0;4,05;0;0
6:28212863:28213263;0;68,67;0;11,76;41,37;31,29;0;0;0;0;0;0;0;0;0;0;0;21,54;0;0;0;0;0;0;0;0;0;0;0;33,91;0;0;0;0;26,97;0;0;16,41;0;0;0;53,88;15,3;0;0;0;0;0
1:36088722:36089122;0;0;25,98;0;0;0;0;0;0;0;0;0;10,58;0;0;0;0;14,36;0;0;0;0;0;0;0;13,38;0;26,75;0;0;0;27,74;0;10,24;15,81;0;0;18,16;0;0;0;5,1;0;0;0;24,33;0;0
14:102316913:102317313;55;41,96;0;0;36,03;38,4;0;0;0;0;0;0;0;0;39,44;0;14,26;43,08;0;0;0;0;0;0;0;74,57;0;0;0;61,54;0;0;0;56,78;55,81;0;0;14,06;0;0;110,75;72,81;63,1;0;0;0;66,32;49,93
KI270438.1:11746:12146;44,53;0;0;48,35;0;31,29;0;152,47;0;65,52;0;53,15;13,61;0;0;0;0;40,69;0;70,37;0;83,08;0;0;0;22,95;0;38,92;174,16;16,33;0;0;0;44,68;52,09;0;0;9,37;0;188,22;63,29;29,12;59,28;30,1;0;0;58,67;0
12:120291623:120292023;0;217,45;0;0;64,05;14,22;0;0;0;0;0;0;0;0;144,61;0;102,67;14,36;0;0;0;0;0;0;0;84,77;92,79;0;0;0;0;0;0;38,16;40,93;0;0;10,55;0;0;0;85,92;51,63;0;0;0;0;0
1:2683992:2684392;0;0;28,87;45,74;26,69;17,07;0;172,14;17,75;0;108,44;60,74;8,06;0;32,87;45,38;37,07;0;0;70,37;100,11;0;119,39;0;175,4;19,12;0;0;106,87;57,78;307,26;72,82;66,96;30,72;14,88;0;91,56;0;115,27;201,67;0;0;0;8,6;252;0;0;46,36
3:45688865:45689265;39,29;95,37;54,85;28,75;69,39;66,85;0;0;0;0;0;0;9,57;0;9,86;10,37;0;57,44;0;0;26,7;0;0;0;0;75,21;0;0;0;81,64;0;0;0;71,68;55,81;0;0;29,88;0;0;0;85,19;80,31;0;0;24,33;35,71;82,02
6:132814071:132814471;31,43;53,41;0;18,3;14,68;0;0;0;0;0;0;0;15,62;0;0;19,45;0;29,92;0;0;0;0;0;0;0;20,4;0;0;0;0;0;0;0;0;0;0;0;12,3;0;0;0;28,4;1,91;0;0;0;0;0
KI270736.1:157637:158037;117,87;0;118,36;57,5;62,72;112,37;17,32;0;0;118,45;28,29;0;17,13;0;69,02;0;45,63;35,9;46,5;135,7;0;25,56;139,29;158,36;190,43;41,43;127,58;89,99;0;56,52;108,63;104,02;0;56,78;45,58;73,42;21,97;26,37;64,55;134,45;23,73;29,85;87,96;98,92;58,15;56,77;107,13;89,15
KI270723.1:36731:37131;20,95;0;23,09;14,38;5,34;5,69;0;14,76;0;20,16;4,71;0;2,02;21,45;3,29;7,78;2,85;3,59;19,37;32,67;10,01;0;13,27;6,21;10,02;3,82;29;24,32;0;13,82;24,83;13,87;0;13,03;16,74;19,58;3,66;4,1;13,83;33,61;15,82;2,18;5,74;4,3;0;20,27;15,3;0
KI270588.1:2549:2949;0;0;0;0;22,68;4,27;0;0;0;37,8;0;0;0;0;0;0;54,19;13,16;0;17,59;0;0;0;0;30,07;1,27;0;0;31,67;0;0;0;0;6,52;22,32;34,26;0;0;0;0;19,78;17,47;21,03;0;0;0;0;0
KI270304.1:816:1216;5,24;0;2,89;7,84;12,01;0;38,11;0;3,55;0;4,71;0;1,01;0;0;1,3;2,85;3,59;3,87;5,03;0;25,56;6,63;3,11;0;5,1;5,8;19,46;0;8,79;0;0;11,82;2,79;2,79;9,79;0;1,76;9,22;6,72;0;0;3,82;4,3;6,46;24,33;5,1;0
21:9838929:9839329;44,53;22,89;0;27,44;0;9,96;0;44,27;49,69;0;0;0;7,56;0;0;0;0;0;0;50,26;73,41;0;0;27,95;30,07;4,46;0;0;0;22,61;6,21;0;0;3,72;5,58;0;0;3,52;0;0;0;10,92;0;0;12,92;0;5,1;0
KI270729.1:25379:25779;7,86;0;28,87;10,45;0;14,22;0;39,35;0;0;0;37,97;4,03;0;0;7,78;0;8,38;0;0;0;12,78;0;21,74;0;5,74;29;0;7,92;0;0;0;0;0;0;0;0;0;41,5;80,67;0;7,28;13,39;10,75;0;0;0;0
6:28940907:28941307;0;133,52;0;0;53,37;25,6;0;0;0;0;0;0;6,55;0;0;0;0;53,85;0;17,59;40,04;0;0;0;0;72,02;0;0;0;56,52;0;0;0;86,57;53,02;0;0;16,99;0;0;0;111,4;26,77;0;0;0;43,36;53,49
6:28896065:28896465;44,53;76,3;0;0;42,7;59,74;0;0;0;0;0;0;0;0;0;7,78;22,82;44,28;0;0;0;0;0;0;0;64,37;0;0;0;60,29;0;0;0;64,23;64,18;0;0;15,23;0;0;98,89;72,81;53,54;0;0;28,38;38,26;0
1:44721546:44721946;0;312,83;0;0;53,37;0;0;0;0;0;0;0;0;0;167,62;0;165,41;34,71;0;40,21;0;0;0;0;0;138,31;139,18;0;0;0;0;0;0;59,57;55,81;0;0;12,89;0;0;0;115,77;61,19;0;0;0;30,61;139,08
16:33338522:33338922;0;41,96;0;44,43;16,01;34,14;31,18;260,67;0;0;47,15;15,19;0;0;19,72;29,82;31,37;0;0;25,13;66,74;41,54;0;55,89;0;7,65;69,59;0;0;0;124,15;31,21;0;22,34;20,46;0;47,61;1,76;78,39;67,22;27,69;26,94;0;32,26;135,69;56,77;66,32;0
16:3152761:3153161;0;0;0;0;34,69;0;0;0;0;0;0;0;0;0;46,01;0;17,11;20,34;0;45,23;0;0;0;0;0;66,29;0;0;0;41,45;0;0;0;73,54;42,79;0;0;12,3;0;0;0;72,08;30,6;0;0;0;28,06;0
KI270732.1:30359:30759;39,29;0;28,87;27,44;18,68;75,38;55,43;83,61;46,14;83,17;0;22,78;14,11;0;0;18,15;0;19,15;0;87,96;0;0;53,06;43,47;0;17,21;0;77,83;0;64,06;77,59;48,54;0;43,75;44,65;0;0;27,54;92,22;201,67;0;0;19,12;45,16;0;12,16;0;131,95
1:149886789:149887189;0;91,56;0;0;9,34;0;0;0;0;0;0;3,8;0;0;85,45;0;51,33;0;0;0;0;0;0;0;0;42,07;81,19;0;0;0;0;0;0;5,59;0;0;0;0;0;0;0;40,77;0;0;0;0;0;35,66
KI270754.1:35644:36044;20,95;30,52;17,32;3,92;12,01;34,14;6,93;0;39,04;25,2;0;0;6,05;0;0;12,96;0;15,56;0;17,59;26,7;60,71;0;59;140,32;4,46;0;19,46;75,2;16,33;62,07;20,8;23,63;37,23;45,58;34,26;58,6;25,19;32,28;0;47,47;28,4;40,16;10,75;0;56,77;0;21,4
KI270744.1:125128:125528;10,48;0;0;9,15;10,67;0;20,79;34,43;42,59;0;0;0;3,53;0;0;0;31,37;0;0;12,57;13,35;31,95;33,16;21,74;65,15;10,2;46,39;41,35;15,83;12,56;0;0;19,7;13,03;12,09;63,63;0;5,27;0;40,33;11,87;16,75;15,3;6,45;25,85;24,33;2,55;14,26
10:22229342:22229742;0;45,78;0;0;18,68;48,36;0;0;0;0;0;0;5,04;0;29,58;0;28,52;25,13;0;0;56,73;0;0;0;0;59,91;0;0;0;69,08;0;0;0;67,02;44,65;0;0;12,89;0;0;0;66,26;49,72;0;0;0;20,41;35,66
15:65304630:65305030;0;221,27;0;0;52,04;0;0;0;0;0;0;0;0;0;134,75;0;62,74;9,57;0;0;0;0;0;0;0;80,95;81,19;0;0;18,84;0;0;0;40,96;30,7;0;0;15,23;0;0;0;74,27;19,12;0;0;0;20,41;0
6:26521062:26521462;60,24;72,48;31,75;0;65,38;46,94;0;0;0;0;0;0;0;0;69,02;0;17,11;58,64;0;0;23,36;0;0;0;0;72,02;0;0;0;76,62;0;0;0;78,19;76,27;0;0;19,33;0;0;0;0;70,75;0;0;0;0;0
14:22929536:22929936;49,77;0;0;0;56,04;52,63;0;0;0;0;0;0;0;0;62,45;0;42,78;41,89;0;12,57;0;0;0;0;0;80,95;0;0;0;79,13;0;0;0;80,98;49,3;0;0;22,26;0;0;0;80,82;68,84;0;0;0;43,36;0
1:148038544:148038944;0;26,7;0;0;20,02;0;0;0;0;0;0;0;6,05;0;55,87;0;31,37;16,75;0;0;0;0;0;0;0;37,6;0;0;0;15,07;0;0;0;22,34;15,81;0;0;0;0;0;0;45,87;40,16;0;0;0;0;60,62
17:8125570:8125970;0;0;0;0;0;41,25;0;0;0;0;0;0;0;0;0;0;0;26,33;0;0;0;0;0;0;0;43,98;0;0;0;35,17;0;0;0;50,27;22,32;0;0;11,13;0;0;0;60,43;24,86;0;0;0;28,06;17,83
KI270733.1:155406:155806;2,62;0;0;0;0;0;3,46;0;10,65;0;4,71;0;1,01;8,58;0;1,3;0;2,39;0;0;0;3,2;0;21,74;0;0;0;0;0;0;3,1;0;0;0,93;0,93;0;0;0;0;0;0;0;13,39;6,45;0;0;7,65;0
1:161612518:161612918;0;45,78;0;16,99;24,02;0;0;0;0;0;0;0;14,11;0;0;6,48;0;17,95;0;0;0;0;0;0;0;41,43;0;12,16;0;28,89;0;0;0;39,1;15,81;0;0;15,82;0;0;0;53,15;13,39;0;0;0;0;0
KI270732.1:2117:2517;13,1;0;0;0;36,03;58,32;0;29,51;0;73,08;0;0;4,54;0;0;11,67;0;17,95;23,25;72,88;0;0;112,76;0;50,11;5,1;0;0;170,2;50,24;0;0;0;33,51;39,07;0;0;0;0;67,22;0;3,64;0;10,75;0;85,15;25,51;28,53
16:636573:636973;52,39;49,59;0;14,38;42,7;55,47;0;0;0;0;0;0;0;0;6,57;0;0;55,05;0;0;0;0;0;0;0;66,92;0;0;0;79,13;0;0;0;64,23;57,67;0;0;14,65;0;0;63,29;69,17;47,81;0;0;32,44;28,06;0
17:58631500:58631900;0;251,79;0;0;38,7;0;0;0;0;0;0;0;0;0;0;0;91,26;19,15;0;0;0;0;0;0;0;83,5;69,59;0;0;17,58;0;0;0;35,37;40,93;0;0;14,65;0;0;0;85,19;43,98;0;0;0;0;114,11
9:35657725:35658125;0;41,96;0;0;28,02;27,02;0;0;70,98;0;0;0;0;0;65,73;0;0;51,46;0;0;0;0;0;0;0;110,26;0;0;0;35,17;0;0;0;34,44;48,37;0;0;12,89;0;0;0;73,54;36,33;0;0;0;0;0
KI270754.1:39140:39540;55;0;17,32;10,45;0;46,94;45,03;54,1;28,39;88,21;9,43;22,78;7,56;4,29;0;11,67;19,96;17,95;42,62;52,77;13,35;70,3;13,27;43,47;0;11,47;17,4;19,46;0;23,86;65,18;0;0;11,17;10,23;9,79;0;0;23,05;33,61;0;8,74;13,39;21,5;0;0;40,81;3,57
6:28863529:28863929;0;0;0;0;32,02;31,29;0;0;0;0;0;0;0;0;0;0;0;25,13;0;0;0;0;0;0;0;50,35;0;0;0;37,68;0;0;0;36,3;29,77;0;0;0;0;0;0;50,24;21,03;0;0;0;25,51;35,66
KI270719.1:174474:174874;44,53;22,89;72,17;44,43;9,34;32,71;0;186,9;0;85,69;0;41,76;12,6;0;0;23,34;0;32,31;0;45,23;63,4;0;49,75;59;85,19;0;0;34,05;63,33;0;86,9;0;0;32,58;25,11;39,16;0;0;59,94;67,22;0;0;66,93;25,8;58,15;113,53;61,22;99,85
GL000009.2:200658:201058;34,05;53,41;49,07;0;28,02;7,11;0;0;0;52,92;51,86;0;0;55,78;0;16,85;0;16,75;0;67,85;0;0;0;0;60,14;17,21;115,98;0;0;45,22;0;34,67;0;30,72;0;0;0;3,52;27,67;0;35,6;17,47;47,81;0;0;85,15;48,46;0
1:146051912:146052312;0;87,74;0;0;42,7;9,96;0;0;0;0;0;0;0;0;92,02;0;82,71;19,15;0;20,1;0;0;0;0;0;68,2;0;0;0;0;0;0;0;33,51;22,32;0;0;15,82;0;0;0;58,25;0;0;0;0;0;0
6:26553808:26554208;0;26,7;0;0;76,06;36,98;0;0;0;0;0;0;0;0;55,87;0;31,37;46,67;0;0;0;0;0;0;0;98,15;0;0;0;41,45;0;0;0;66,09;65,11;0;0;11,13;0;0;55,38;0;49,72;0;0;0;0;0
KI270712.1:57269:57669;0;49,59;0;31,36;16,01;55,47;34,64;113,12;21,29;45,36;0;30,37;10,08;12,87;23,01;10,37;19,96;15,56;58,12;17,59;0;57,52;0;93,15;0;14,02;0;43,78;95;22,61;58,97;38,14;0;16,76;13,95;0;29,3;7,03;92,22;87,39;0;6,55;42,07;8,6;32,31;0;28,06;0
KI270311.1:561:961;0;3,81;5,77;9,15;2,67;0;0;0;0;5,04;0;0;2,52;0;0;1,3;5,7;0;0;7,54;0;0;0;6,21;0;3,19;29;0;0;0;3,1;0;0;0;10,23;0;0;1,76;18,44;0;0;0;0;0;0;12,16;5,1;0
11:76235553:76235953;89,06;34,33;0;30,06;70,72;92,45;0;0;0;0;0;0;0;0;39,44;0;17,11;50,26;0;30,16;0;0;0;0;0;114,73;0;0;0;119,32;0;0;0;126,6;108,83;0;0;29,88;0;0;71,2;143,44;101,35;0;0;52,71;0;142,64
1:28648494:28648894;0;190,75;0;0;65,38;18,49;0;0;0;0;0;0;2,52;0;134,75;0;91,26;31,11;0;22,62;0;0;0;0;0;84,13;57,99;0;0;32,66;0;0;0;50,27;66,97;0;0;24,02;0;0;0;88,1;38,24;0;0;0;15,3;78,45
1:16513851:16514251;0;129,71;0;0;28,02;5,69;0;0;0;0;0;0;5,54;0;115,03;0;59,89;23,93;0;0;3,34;0;0;0;0;36,97;11,6;0;0;0;0;0;0;32,58;17,67;0;0;13,48;0;0;0;39,32;40,16;0;0;0;0;0
1:161621525:161621925;0;45,78;0;0;33,36;41,25;0;0;0;0;0;0;9,57;0;29,58;0;25,67;38,3;0;0;0;0;0;0;0;50,35;0;0;0;36,42;0;0;0;43,75;30,7;0;0;16,41;0;0;79,11;80,09;17,21;0;0;0;22,96;32,09
15:45198449:45198849;0;0;0;0;34,69;56,89;0;0;0;0;0;0;0;0;39,44;0;22,82;23,93;0;0;36,71;0;0;0;0;73,3;11,6;0;0;64,06;0;0;0;70,74;34,42;0;0;17,58;0;0;0;64,8;28,68;0;0;0;0;67,76
10:132364314:132364714;0;0;0;0;0;17,07;24,25;68,86;0;25,2;0;0;0;0;0;0;0;0;0;0;56,73;0;0;0;40,09;7,01;0;0;0;0;0;0;0;0;5,58;0;0;0,59;0;0;35,6;5,1;26,77;0;0;0;0;0
11:59566187:59566587;0;64,85;0;0;37,36;32,71;0;0;0;0;0;0;0;0;39,44;0;0;55,05;0;0;0;0;0;0;0;65,65;0;0;0;51,5;0;0;0;67,02;47,44;0;0;12,3;0;0;0;74,27;49,72;0;0;0;15,3;0
6:392121:392521;0;45,78;0;0;16,01;7,11;0;0;0;0;0;0;0;0;32,87;0;39,93;27,52;0;0;0;0;0;0;0;38,24;0;0;0;0;0;0;0;34,44;52,09;0;0;18,16;0;0;0;59,7;43,98;0;0;16,22;0;32,09